"","Y","X","M"
"1",1,0,"a"
"2",1,1,"b"
"3",1,0,"a"
"4",0,0,"a"
"5",1,0,"c"
"6",1,1,"a"
"7",1,0,"a"
"8",0,0,"a"
"9",1,1,"b"
"10",1,1,"b"
"11",1,0,"b"
"12",1,1,"b"
"13",0,0,"a"
"14",1,0,"b"
"15",1,1,"a"
"16",1,0,"b"
"17",0,1,"a"
"18",0,1,"b"
"19",1,1,"b"
"20",0,0,"a"
"21",1,0,"b"
"22",1,0,"b"
"23",1,0,"c"
"24",0,0,"a"
"25",1,1,"b"
"26",1,1,"c"
"27",1,1,"a"
"28",0,0,"a"
"29",1,0,"b"
"30",1,1,"b"
"31",1,1,"a"
"32",1,1,"b"
"33",1,0,"c"
"34",1,1,"b"
"35",1,0,"c"
"36",1,1,"a"
"37",1,0,"c"
"38",1,1,"b"
"39",0,0,"b"
"40",1,0,"b"
"41",1,0,"b"
"42",1,1,"a"
"43",1,1,"c"
"44",1,1,"b"
"45",0,1,"a"
"46",1,0,"c"
"47",1,1,"b"
"48",1,0,"c"
"49",1,0,"a"
"50",1,1,"c"
"51",1,0,"b"
"52",1,1,"a"
"53",0,1,"a"
"54",1,0,"b"
"55",1,1,"c"
"56",0,0,"b"
"57",1,0,"c"
"58",1,1,"c"
"59",1,1,"a"
"60",0,0,"c"
"61",1,0,"b"
"62",1,0,"c"
"63",1,1,"c"
"64",1,0,"a"
"65",1,1,"b"
"66",1,1,"a"
"67",1,0,"c"
"68",0,1,"a"
"69",0,1,"a"
"70",0,0,"b"
"71",1,0,"c"
"72",1,0,"c"
"73",1,1,"c"
"74",0,0,"a"
"75",1,0,"c"
"76",1,1,"b"
"77",1,0,"b"
"78",1,1,"b"
"79",0,0,"a"
"80",0,0,"c"
"81",0,0,"b"
"82",1,0,"a"
"83",1,1,"c"
"84",0,0,"a"
"85",1,0,"a"
"86",0,0,"b"
"87",1,0,"b"
"88",1,1,"c"
"89",1,1,"c"
"90",1,1,"a"
"91",1,1,"c"
"92",0,0,"a"
"93",0,0,"c"
"94",1,0,"b"
"95",1,0,"b"
"96",1,1,"c"
"97",1,0,"b"
"98",1,0,"b"
"99",0,1,"c"
"100",1,0,"b"
"101",1,0,"b"
"102",1,1,"b"
"103",1,0,"b"
"104",1,0,"c"
"105",1,1,"a"
"106",1,0,"b"
"107",1,1,"c"
"108",1,1,"b"
"109",0,0,"a"
"110",1,0,"a"
"111",1,0,"a"
"112",0,0,"c"
"113",1,0,"a"
"114",0,1,"b"
"115",1,0,"b"
"116",1,1,"c"
"117",0,0,"a"
"118",1,0,"c"
"119",1,0,"c"
"120",1,0,"a"
"121",0,0,"a"
"122",1,1,"a"
"123",1,0,"b"
"124",1,1,"c"
"125",1,0,"c"
"126",0,1,"a"
"127",1,1,"c"
"128",1,1,"b"
"129",1,1,"c"
"130",1,0,"a"
"131",1,0,"a"
"132",0,0,"a"
"133",0,0,"a"
"134",0,0,"b"
"135",1,1,"c"
"136",1,1,"c"
"137",1,1,"a"
"138",1,0,"a"
"139",1,1,"c"
"140",1,0,"b"
"141",0,0,"b"
"142",1,0,"b"
"143",0,0,"c"
"144",1,1,"c"
"145",1,1,"b"
"146",0,1,"a"
"147",1,1,"c"
"148",0,1,"a"
"149",0,0,"b"
"150",1,1,"a"
"151",1,1,"c"
"152",1,0,"c"
"153",0,0,"c"
"154",1,0,"c"
"155",0,1,"b"
"156",0,1,"a"
"157",1,1,"b"
"158",1,0,"a"
"159",1,0,"b"
"160",1,0,"c"
"161",1,1,"a"
"162",1,1,"c"
"163",1,1,"c"
"164",0,1,"a"
"165",1,0,"c"
"166",1,0,"b"
"167",0,0,"a"
"168",1,1,"b"
"169",0,0,"c"
"170",1,1,"a"
"171",1,1,"b"
"172",1,1,"a"
"173",1,1,"c"
"174",1,1,"a"
"175",0,0,"b"
"176",0,0,"c"
"177",1,1,"a"
"178",1,1,"c"
"179",1,1,"b"
"180",1,0,"b"
"181",1,1,"c"
"182",1,1,"b"
"183",1,0,"b"
"184",1,1,"a"
"185",1,0,"a"
"186",1,1,"a"
"187",1,1,"c"
"188",0,1,"b"
"189",0,0,"a"
"190",1,0,"c"
"191",1,1,"b"
"192",1,1,"c"
"193",1,1,"b"
"194",1,0,"a"
"195",1,1,"a"
"196",1,0,"c"
"197",1,0,"b"
"198",1,0,"b"
"199",1,0,"c"
"200",1,0,"c"
"201",1,0,"a"
"202",1,0,"a"
"203",0,0,"a"
"204",1,0,"b"
"205",0,0,"b"
"206",1,1,"b"
"207",1,1,"b"
"208",1,0,"a"
"209",1,1,"a"
"210",1,1,"c"
"211",1,1,"a"
"212",1,0,"a"
"213",1,0,"a"
"214",1,1,"b"
"215",1,0,"c"
"216",1,0,"a"
"217",1,0,"a"
"218",1,0,"c"
"219",1,1,"c"
"220",1,1,"b"
"221",1,1,"b"
"222",1,1,"c"
"223",1,1,"c"
"224",1,1,"a"
"225",1,0,"c"
"226",1,1,"c"
"227",1,1,"b"
"228",1,1,"c"
"229",0,1,"b"
"230",1,0,"c"
"231",1,0,"c"
"232",1,0,"a"
"233",1,0,"b"
"234",0,1,"c"
"235",0,0,"c"
"236",1,1,"c"
"237",0,0,"a"
"238",1,0,"c"
"239",0,0,"b"
"240",1,1,"c"
"241",1,0,"b"
"242",1,0,"c"
"243",1,1,"c"
"244",1,0,"b"
"245",0,1,"a"
"246",1,1,"c"
"247",1,0,"b"
"248",1,0,"c"
"249",1,1,"c"
"250",1,1,"c"
"251",1,1,"b"
"252",1,1,"a"
"253",1,1,"c"
"254",1,0,"c"
"255",0,0,"a"
"256",1,0,"b"
"257",1,1,"c"
"258",1,0,"b"
"259",0,0,"b"
"260",0,0,"c"
"261",1,0,"c"
"262",1,1,"c"
"263",0,0,"a"
"264",1,1,"b"
"265",1,0,"a"
"266",1,1,"c"
"267",1,0,"b"
"268",1,1,"b"
"269",1,1,"a"
"270",1,1,"c"
"271",0,0,"a"
"272",0,1,"a"
"273",1,1,"b"
"274",1,0,"c"
"275",1,0,"a"
"276",1,0,"c"
"277",0,0,"c"
"278",0,0,"a"
"279",1,1,"b"
"280",1,1,"a"
"281",0,0,"c"
"282",1,0,"c"
"283",1,1,"a"
"284",1,1,"b"
"285",1,1,"c"
"286",1,1,"b"
"287",1,0,"b"
"288",1,0,"a"
"289",1,0,"c"
"290",1,0,"b"
"291",0,0,"c"
"292",1,1,"a"
"293",1,0,"a"
"294",0,0,"a"
"295",1,0,"a"
"296",1,1,"b"
"297",1,0,"a"
"298",1,1,"c"
"299",0,0,"b"
"300",0,1,"a"
"301",1,1,"a"
"302",1,1,"c"
"303",0,0,"a"
"304",1,0,"b"
"305",1,1,"a"
"306",1,1,"b"
"307",1,0,"b"
"308",1,0,"c"
"309",1,1,"b"
"310",0,0,"b"
"311",0,1,"a"
"312",1,1,"a"
"313",1,0,"c"
"314",1,1,"c"
"315",1,0,"b"
"316",1,1,"c"
"317",1,1,"c"
"318",1,0,"b"
"319",0,0,"a"
"320",1,0,"c"
"321",1,1,"a"
"322",1,0,"b"
"323",1,1,"b"
"324",1,0,"c"
"325",1,0,"b"
"326",1,0,"c"
"327",0,0,"c"
"328",1,0,"b"
"329",1,1,"b"
"330",1,0,"b"
"331",1,1,"c"
"332",1,0,"c"
"333",1,1,"c"
"334",1,0,"b"
"335",1,0,"c"
"336",1,1,"c"
"337",0,1,"a"
"338",1,0,"b"
"339",1,1,"c"
"340",0,0,"b"
"341",1,0,"c"
"342",0,0,"b"
"343",1,1,"b"
"344",1,0,"c"
"345",1,1,"b"
"346",1,0,"b"
"347",1,1,"b"
"348",0,1,"a"
"349",1,1,"c"
"350",1,1,"b"
"351",1,0,"c"
"352",1,1,"c"
"353",1,1,"b"
"354",1,0,"c"
"355",1,0,"a"
"356",1,1,"a"
"357",1,1,"c"
"358",1,0,"c"
"359",1,1,"b"
"360",0,1,"a"
"361",0,1,"a"
"362",1,1,"c"
"363",0,1,"a"
"364",1,0,"a"
"365",1,1,"b"
"366",1,1,"c"
"367",0,1,"b"
"368",1,1,"a"
"369",1,0,"a"
"370",1,1,"b"
"371",0,0,"c"
"372",1,1,"c"
"373",0,0,"b"
"374",1,1,"b"
"375",0,0,"b"
"376",0,0,"a"
"377",1,1,"c"
"378",1,1,"b"
"379",0,1,"a"
"380",0,1,"a"
"381",0,1,"a"
"382",1,0,"b"
"383",1,1,"c"
"384",1,1,"a"
"385",1,1,"b"
"386",1,0,"c"
"387",1,1,"b"
"388",1,1,"b"
"389",1,1,"c"
"390",1,1,"c"
"391",1,0,"a"
"392",0,0,"a"
"393",0,0,"a"
"394",1,0,"c"
"395",0,0,"a"
"396",1,1,"b"
"397",1,1,"a"
"398",1,1,"c"
"399",1,0,"c"
"400",1,0,"c"
"401",1,1,"c"
"402",0,1,"a"
"403",1,0,"c"
"404",1,0,"b"
"405",0,1,"c"
"406",1,1,"b"
"407",1,1,"c"
"408",1,1,"b"
"409",1,0,"c"
"410",1,1,"c"
"411",1,0,"b"
"412",1,0,"c"
"413",1,0,"b"
"414",1,0,"c"
"415",1,0,"b"
"416",1,0,"b"
"417",1,0,"c"
"418",1,0,"a"
"419",1,0,"a"
"420",1,1,"b"
"421",1,0,"b"
"422",1,0,"c"
"423",1,0,"a"
"424",1,0,"c"
"425",0,0,"b"
"426",0,1,"a"
"427",1,0,"c"
"428",1,0,"b"
"429",1,1,"b"
"430",0,0,"a"
"431",1,0,"c"
"432",1,1,"b"
"433",1,1,"c"
"434",0,0,"b"
"435",1,0,"b"
"436",0,0,"b"
"437",0,1,"b"
"438",1,1,"b"
"439",1,0,"b"
"440",1,1,"b"
"441",1,0,"c"
"442",1,0,"b"
"443",1,0,"a"
"444",1,1,"c"
"445",1,0,"a"
"446",1,0,"c"
"447",1,1,"b"
"448",1,1,"b"
"449",1,0,"c"
"450",1,1,"b"
"451",0,1,"a"
"452",1,1,"b"
"453",1,0,"b"
"454",1,0,"b"
"455",1,1,"b"
"456",1,0,"a"
"457",1,1,"c"
"458",1,0,"b"
"459",1,1,"b"
"460",1,1,"c"
"461",1,1,"c"
"462",0,0,"c"
"463",1,0,"c"
"464",1,0,"a"
"465",0,1,"a"
"466",1,0,"a"
"467",0,0,"a"
"468",0,0,"b"
"469",1,1,"b"
"470",1,1,"a"
"471",0,1,"b"
"472",1,0,"c"
"473",0,0,"b"
"474",1,0,"a"
"475",1,1,"c"
"476",1,1,"b"
"477",1,1,"c"
"478",0,1,"a"
"479",1,1,"b"
"480",0,1,"c"
"481",1,0,"a"
"482",1,0,"c"
"483",1,1,"c"
"484",1,1,"b"
"485",1,0,"b"
"486",1,0,"a"
"487",0,0,"c"
"488",1,0,"b"
"489",1,1,"a"
"490",1,0,"a"
"491",1,0,"b"
"492",1,0,"c"
"493",1,1,"a"
"494",1,0,"c"
"495",0,0,"b"
"496",1,0,"c"
"497",0,1,"a"
"498",1,0,"b"
"499",1,1,"c"
"500",1,0,"b"
"501",1,0,"a"
"502",1,0,"c"
"503",1,1,"b"
"504",1,0,"a"
"505",0,0,"b"
"506",1,1,"a"
"507",1,0,"c"
"508",1,1,"a"
"509",1,0,"c"
"510",1,1,"c"
"511",1,1,"a"
"512",1,0,"c"
"513",1,0,"c"
"514",1,0,"c"
"515",0,1,"a"
"516",1,0,"b"
"517",1,1,"b"
"518",0,0,"c"
"519",1,0,"c"
"520",1,0,"a"
"521",0,0,"a"
"522",0,0,"a"
"523",1,1,"c"
"524",0,1,"c"
"525",0,1,"b"
"526",1,0,"c"
"527",1,0,"b"
"528",1,0,"b"
"529",1,0,"c"
"530",1,1,"a"
"531",1,1,"b"
"532",1,0,"a"
"533",1,1,"c"
"534",1,0,"a"
"535",1,1,"c"
"536",1,0,"c"
"537",1,0,"b"
"538",1,1,"a"
"539",1,1,"c"
"540",1,0,"c"
"541",1,1,"b"
"542",1,1,"c"
"543",1,0,"c"
"544",1,1,"b"
"545",1,1,"b"
"546",1,0,"b"
"547",1,0,"a"
"548",0,0,"c"
"549",1,1,"c"
"550",1,0,"a"
"551",1,1,"c"
"552",1,0,"b"
"553",1,0,"c"
"554",0,1,"a"
"555",1,1,"a"
"556",1,1,"b"
"557",1,0,"a"
"558",0,1,"a"
"559",0,0,"a"
"560",0,0,"c"
"561",1,0,"a"
"562",1,0,"a"
"563",1,0,"c"
"564",0,0,"a"
"565",1,0,"c"
"566",1,1,"c"
"567",1,0,"b"
"568",1,0,"c"
"569",1,1,"c"
"570",1,0,"a"
"571",0,1,"a"
"572",1,1,"b"
"573",1,1,"b"
"574",1,0,"a"
"575",1,0,"a"
"576",1,1,"b"
"577",0,1,"a"
"578",1,1,"c"
"579",1,1,"a"
"580",1,1,"b"
"581",1,1,"a"
"582",1,1,"c"
"583",0,0,"b"
"584",1,1,"a"
"585",0,0,"b"
"586",1,0,"b"
"587",1,0,"c"
"588",1,0,"a"
"589",1,0,"a"
"590",0,0,"a"
"591",1,1,"a"
"592",1,1,"a"
"593",1,1,"a"
"594",1,0,"b"
"595",1,0,"a"
"596",1,1,"c"
"597",0,1,"a"
"598",1,1,"c"
"599",1,1,"b"
"600",0,0,"b"
"601",1,1,"c"
"602",1,0,"a"
"603",1,0,"c"
"604",1,0,"c"
"605",0,0,"c"
"606",1,0,"c"
"607",1,0,"b"
"608",1,0,"b"
"609",1,1,"a"
"610",1,0,"c"
"611",1,0,"a"
"612",0,0,"a"
"613",1,1,"c"
"614",1,1,"b"
"615",0,1,"a"
"616",1,0,"b"
"617",1,0,"a"
"618",1,1,"a"
"619",1,0,"a"
"620",0,1,"a"
"621",1,1,"a"
"622",1,1,"b"
"623",1,1,"b"
"624",1,0,"c"
"625",0,0,"c"
"626",1,1,"c"
"627",1,0,"a"
"628",1,0,"c"
"629",1,1,"c"
"630",0,1,"a"
"631",1,1,"b"
"632",1,1,"c"
"633",1,1,"c"
"634",1,0,"a"
"635",0,1,"a"
"636",1,0,"c"
"637",1,1,"b"
"638",0,0,"a"
"639",0,0,"b"
"640",1,1,"c"
"641",0,1,"a"
"642",1,1,"c"
"643",1,1,"c"
"644",1,0,"c"
"645",0,1,"b"
"646",1,1,"b"
"647",1,1,"c"
"648",1,1,"b"
"649",1,0,"c"
"650",1,1,"c"
"651",1,0,"b"
"652",1,1,"c"
"653",1,0,"c"
"654",1,0,"a"
"655",1,0,"c"
"656",1,0,"c"
"657",1,0,"c"
"658",1,1,"c"
"659",1,1,"c"
"660",0,0,"b"
"661",1,1,"c"
"662",1,0,"a"
"663",1,0,"c"
"664",0,1,"b"
"665",0,0,"a"
"666",1,0,"b"
"667",1,1,"b"
"668",0,0,"c"
"669",0,0,"c"
"670",1,1,"a"
"671",1,0,"b"
"672",1,0,"c"
"673",1,0,"b"
"674",1,1,"b"
"675",0,0,"b"
"676",1,1,"a"
"677",1,1,"a"
"678",1,1,"a"
"679",1,0,"a"
"680",1,0,"b"
"681",1,0,"c"
"682",1,1,"a"
"683",1,1,"b"
"684",1,0,"b"
"685",1,0,"a"
"686",1,0,"c"
"687",0,1,"a"
"688",1,1,"b"
"689",1,0,"b"
"690",1,1,"b"
"691",1,1,"c"
"692",0,1,"a"
"693",1,1,"b"
"694",1,0,"c"
"695",1,0,"b"
"696",1,1,"a"
"697",1,1,"c"
"698",1,1,"c"
"699",0,0,"b"
"700",1,1,"b"
"701",1,1,"b"
"702",0,0,"a"
"703",1,1,"b"
"704",1,1,"a"
"705",1,0,"b"
"706",0,0,"a"
"707",0,0,"a"
"708",0,0,"a"
"709",1,1,"c"
"710",0,0,"a"
"711",1,0,"c"
"712",1,1,"c"
"713",0,1,"a"
"714",1,1,"c"
"715",0,1,"a"
"716",1,1,"c"
"717",1,0,"c"
"718",1,0,"b"
"719",1,1,"c"
"720",1,1,"b"
"721",1,1,"c"
"722",1,1,"c"
"723",1,0,"b"
"724",0,1,"b"
"725",1,1,"c"
"726",0,0,"b"
"727",1,1,"b"
"728",1,0,"a"
"729",1,1,"a"
"730",1,1,"b"
"731",0,0,"c"
"732",1,1,"a"
"733",1,0,"b"
"734",1,1,"a"
"735",1,1,"c"
"736",1,0,"a"
"737",1,0,"b"
"738",1,0,"b"
"739",1,1,"b"
"740",0,0,"c"
"741",1,1,"c"
"742",1,0,"b"
"743",0,0,"c"
"744",1,0,"c"
"745",1,0,"c"
"746",1,1,"c"
"747",1,1,"c"
"748",1,0,"b"
"749",1,1,"b"
"750",1,1,"a"
"751",1,1,"b"
"752",1,0,"a"
"753",1,0,"a"
"754",1,1,"a"
"755",1,1,"c"
"756",1,0,"a"
"757",1,0,"a"
"758",0,1,"a"
"759",1,1,"c"
"760",1,1,"b"
"761",1,1,"c"
"762",0,0,"b"
"763",0,0,"a"
"764",1,0,"b"
"765",1,1,"b"
"766",1,0,"c"
"767",1,1,"b"
"768",1,1,"c"
"769",1,0,"a"
"770",1,1,"c"
"771",0,0,"a"
"772",1,1,"c"
"773",1,0,"c"
"774",1,1,"c"
"775",1,1,"a"
"776",1,1,"c"
"777",1,1,"a"
"778",1,1,"b"
"779",1,1,"a"
"780",0,0,"b"
"781",1,1,"c"
"782",0,1,"a"
"783",1,0,"a"
"784",1,0,"c"
"785",1,1,"c"
"786",1,0,"b"
"787",1,0,"c"
"788",0,0,"b"
"789",1,1,"b"
"790",1,1,"b"
"791",1,1,"c"
"792",1,1,"a"
"793",0,0,"c"
"794",1,1,"a"
"795",1,1,"c"
"796",1,1,"b"
"797",1,1,"b"
"798",1,1,"c"
"799",1,1,"a"
"800",1,1,"c"
"801",1,1,"b"
"802",1,1,"b"
"803",1,1,"b"
"804",1,1,"c"
"805",1,1,"b"
"806",0,0,"b"
"807",1,1,"c"
"808",0,0,"b"
"809",0,1,"a"
"810",1,1,"a"
"811",1,1,"c"
"812",1,1,"b"
"813",1,1,"a"
"814",1,1,"a"
"815",1,0,"c"
"816",1,0,"b"
"817",1,0,"a"
"818",1,1,"c"
"819",1,0,"a"
"820",1,0,"c"
"821",1,1,"a"
"822",0,1,"a"
"823",1,0,"b"
"824",1,0,"b"
"825",1,1,"c"
"826",1,1,"a"
"827",0,0,"b"
"828",1,0,"a"
"829",0,0,"a"
"830",1,0,"c"
"831",1,1,"b"
"832",1,1,"a"
"833",1,1,"a"
"834",1,1,"b"
"835",1,1,"a"
"836",0,0,"c"
"837",1,0,"a"
"838",1,0,"b"
"839",1,1,"c"
"840",1,0,"c"
"841",0,0,"b"
"842",1,1,"c"
"843",1,1,"c"
"844",1,1,"b"
"845",0,0,"c"
"846",1,0,"b"
"847",1,0,"a"
"848",1,1,"a"
"849",1,0,"a"
"850",1,0,"c"
"851",1,0,"c"
"852",0,0,"a"
"853",1,1,"a"
"854",1,1,"b"
"855",0,0,"c"
"856",0,0,"b"
"857",1,0,"b"
"858",1,0,"b"
"859",1,0,"b"
"860",1,0,"a"
"861",1,1,"c"
"862",0,1,"a"
"863",0,0,"c"
"864",1,0,"b"
"865",1,0,"a"
"866",1,1,"a"
"867",1,1,"c"
"868",1,0,"b"
"869",1,1,"a"
"870",1,1,"b"
"871",1,0,"a"
"872",1,0,"a"
"873",1,1,"c"
"874",1,0,"b"
"875",1,1,"a"
"876",1,1,"a"
"877",1,0,"b"
"878",1,0,"b"
"879",1,0,"b"
"880",1,0,"c"
"881",1,1,"c"
"882",1,1,"b"
"883",1,0,"b"
"884",1,0,"a"
"885",1,1,"b"
"886",1,1,"b"
"887",0,0,"c"
"888",1,1,"b"
"889",1,0,"a"
"890",1,1,"a"
"891",1,0,"c"
"892",1,1,"a"
"893",0,0,"a"
"894",1,1,"c"
"895",1,0,"c"
"896",1,1,"a"
"897",1,1,"c"
"898",0,0,"c"
"899",0,0,"a"
"900",1,1,"c"
"901",1,0,"c"
"902",1,0,"c"
"903",1,0,"a"
"904",1,0,"c"
"905",1,0,"a"
"906",1,1,"c"
"907",0,0,"c"
"908",1,1,"c"
"909",0,1,"a"
"910",1,0,"c"
"911",1,1,"c"
"912",0,0,"c"
"913",0,1,"a"
"914",0,1,"a"
"915",1,0,"b"
"916",1,1,"b"
"917",0,1,"a"
"918",0,0,"c"
"919",1,1,"b"
"920",1,0,"c"
"921",1,1,"a"
"922",1,1,"b"
"923",1,1,"a"
"924",1,1,"c"
"925",1,0,"b"
"926",0,0,"b"
"927",1,1,"b"
"928",1,0,"a"
"929",1,0,"b"
"930",1,0,"c"
"931",1,0,"c"
"932",1,0,"b"
"933",1,1,"b"
"934",0,1,"c"
"935",1,0,"c"
"936",1,0,"a"
"937",0,0,"a"
"938",1,1,"c"
"939",0,0,"c"
"940",1,0,"a"
"941",1,1,"b"
"942",1,1,"b"
"943",1,1,"b"
"944",1,1,"b"
"945",1,0,"b"
"946",1,1,"b"
"947",1,1,"c"
"948",1,0,"b"
"949",0,0,"a"
"950",1,1,"a"
"951",1,0,"a"
"952",1,1,"c"
"953",1,1,"c"
"954",1,0,"a"
"955",1,0,"a"
"956",1,0,"c"
"957",1,1,"b"
"958",0,0,"a"
"959",0,1,"a"
"960",1,0,"c"
"961",1,1,"a"
"962",0,1,"b"
"963",1,0,"a"
"964",1,1,"c"
"965",1,0,"c"
"966",1,0,"b"
"967",1,1,"a"
"968",1,1,"b"
"969",1,0,"b"
"970",1,1,"c"
"971",1,1,"c"
"972",1,0,"c"
"973",1,1,"a"
"974",1,1,"b"
"975",0,0,"a"
"976",0,1,"a"
"977",1,1,"c"
"978",1,0,"c"
"979",1,0,"b"
"980",0,1,"a"
"981",1,0,"a"
"982",1,0,"b"
"983",1,1,"a"
"984",0,1,"a"
"985",1,1,"b"
"986",0,0,"c"
"987",1,0,"a"
"988",1,0,"b"
"989",1,1,"b"
"990",1,0,"a"
"991",1,1,"b"
"992",1,0,"a"
"993",0,1,"b"
"994",0,0,"c"
"995",1,1,"a"
"996",1,1,"a"
"997",1,1,"b"
"998",1,1,"a"
"999",1,1,"b"
"1000",1,0,"c"
"1001",1,1,"b"
"1002",1,1,"b"
"1003",1,1,"c"
"1004",1,1,"a"
"1005",1,1,"a"
"1006",1,0,"a"
"1007",1,0,"c"
"1008",1,1,"a"
"1009",1,1,"b"
"1010",1,1,"c"
"1011",1,1,"c"
"1012",1,0,"b"
"1013",1,1,"c"
"1014",1,1,"b"
"1015",0,0,"c"
"1016",1,1,"c"
"1017",1,1,"a"
"1018",1,1,"a"
"1019",1,1,"c"
"1020",1,0,"c"
"1021",1,0,"a"
"1022",1,1,"a"
"1023",1,0,"a"
"1024",1,1,"b"
"1025",1,1,"b"
"1026",1,1,"a"
"1027",1,1,"b"
"1028",1,0,"a"
"1029",1,1,"a"
"1030",0,1,"a"
"1031",1,0,"a"
"1032",1,1,"c"
"1033",0,0,"b"
"1034",1,0,"a"
"1035",1,0,"c"
"1036",0,1,"a"
"1037",0,0,"a"
"1038",0,1,"b"
"1039",1,0,"c"
"1040",0,1,"a"
"1041",1,0,"c"
"1042",0,1,"b"
"1043",1,1,"a"
"1044",1,0,"b"
"1045",1,1,"a"
"1046",1,0,"c"
"1047",1,0,"a"
"1048",1,1,"c"
"1049",1,1,"b"
"1050",0,0,"b"
"1051",1,1,"b"
"1052",1,1,"c"
"1053",1,0,"b"
"1054",1,0,"b"
"1055",1,1,"c"
"1056",0,0,"a"
"1057",1,0,"c"
"1058",1,1,"a"
"1059",1,1,"a"
"1060",1,0,"a"
"1061",0,1,"a"
"1062",1,0,"c"
"1063",1,1,"a"
"1064",1,1,"a"
"1065",1,1,"a"
"1066",1,0,"a"
"1067",0,0,"a"
"1068",1,0,"c"
"1069",1,0,"c"
"1070",1,1,"a"
"1071",0,1,"b"
"1072",1,0,"b"
"1073",1,0,"b"
"1074",0,1,"a"
"1075",0,1,"a"
"1076",1,1,"a"
"1077",1,1,"c"
"1078",1,0,"c"
"1079",1,1,"c"
"1080",0,0,"b"
"1081",1,0,"b"
"1082",1,0,"c"
"1083",1,1,"a"
"1084",1,0,"c"
"1085",1,1,"b"
"1086",1,1,"b"
"1087",1,1,"c"
"1088",1,0,"c"
"1089",1,0,"c"
"1090",1,0,"c"
"1091",1,1,"a"
"1092",1,0,"c"
"1093",1,1,"c"
"1094",0,1,"b"
"1095",1,0,"a"
"1096",1,1,"b"
"1097",1,0,"a"
"1098",1,1,"b"
"1099",1,0,"c"
"1100",1,1,"c"
"1101",1,1,"c"
"1102",1,0,"b"
"1103",1,1,"a"
"1104",0,1,"a"
"1105",1,0,"c"
"1106",0,1,"a"
"1107",1,1,"a"
"1108",1,0,"a"
"1109",1,0,"c"
"1110",0,0,"a"
"1111",1,1,"b"
"1112",0,1,"a"
"1113",1,1,"a"
"1114",1,1,"c"
"1115",1,1,"a"
"1116",1,0,"b"
"1117",1,0,"c"
"1118",1,1,"a"
"1119",0,1,"a"
"1120",1,1,"b"
"1121",1,1,"c"
"1122",1,0,"a"
"1123",1,1,"c"
"1124",0,1,"b"
"1125",1,1,"b"
"1126",1,1,"c"
"1127",0,0,"a"
"1128",1,1,"a"
"1129",1,1,"c"
"1130",1,1,"c"
"1131",1,0,"a"
"1132",1,0,"a"
"1133",1,1,"a"
"1134",0,0,"b"
"1135",1,1,"b"
"1136",1,1,"c"
"1137",1,1,"b"
"1138",1,0,"b"
"1139",0,0,"c"
"1140",1,0,"c"
"1141",1,0,"a"
"1142",0,0,"b"
"1143",1,1,"a"
"1144",0,0,"c"
"1145",0,0,"b"
"1146",1,0,"c"
"1147",0,0,"b"
"1148",1,1,"b"
"1149",1,1,"a"
"1150",1,0,"c"
"1151",1,1,"a"
"1152",1,0,"b"
"1153",1,1,"c"
"1154",1,1,"c"
"1155",0,0,"a"
"1156",1,0,"b"
"1157",1,1,"c"
"1158",1,1,"b"
"1159",1,1,"a"
"1160",1,0,"b"
"1161",0,1,"a"
"1162",1,1,"b"
"1163",0,0,"c"
"1164",1,0,"c"
"1165",0,0,"a"
"1166",1,1,"b"
"1167",0,0,"a"
"1168",1,1,"b"
"1169",0,0,"a"
"1170",1,0,"c"
"1171",0,1,"a"
"1172",0,0,"b"
"1173",1,0,"c"
"1174",1,1,"c"
"1175",1,1,"c"
"1176",0,1,"c"
"1177",1,0,"a"
"1178",0,0,"c"
"1179",0,1,"a"
"1180",1,1,"c"
"1181",1,1,"b"
"1182",1,1,"a"
"1183",1,0,"c"
"1184",1,0,"c"
"1185",1,0,"b"
"1186",1,0,"c"
"1187",1,0,"a"
"1188",1,1,"a"
"1189",0,1,"a"
"1190",1,1,"b"
"1191",1,0,"c"
"1192",1,0,"a"
"1193",1,1,"a"
"1194",0,1,"b"
"1195",1,1,"c"
"1196",1,1,"a"
"1197",1,1,"c"
"1198",0,0,"b"
"1199",1,0,"c"
"1200",0,0,"a"
"1201",1,0,"c"
"1202",0,0,"b"
"1203",1,0,"a"
"1204",1,0,"a"
"1205",1,0,"b"
"1206",1,0,"b"
"1207",1,1,"c"
"1208",0,1,"a"
"1209",1,1,"b"
"1210",1,1,"b"
"1211",1,0,"c"
"1212",0,1,"a"
"1213",1,0,"a"
"1214",1,0,"c"
"1215",1,1,"b"
"1216",1,0,"a"
"1217",1,1,"a"
"1218",0,1,"a"
"1219",1,0,"a"
"1220",1,0,"b"
"1221",0,0,"a"
"1222",0,1,"b"
"1223",1,0,"b"
"1224",0,1,"a"
"1225",0,0,"b"
"1226",0,0,"b"
"1227",1,0,"a"
"1228",1,0,"c"
"1229",0,1,"a"
"1230",1,0,"b"
"1231",0,1,"c"
"1232",1,1,"c"
"1233",1,1,"b"
"1234",1,0,"a"
"1235",1,0,"c"
"1236",1,1,"b"
"1237",1,0,"a"
"1238",1,0,"b"
"1239",1,1,"b"
"1240",0,0,"a"
"1241",1,1,"b"
"1242",0,0,"c"
"1243",1,0,"a"
"1244",1,1,"c"
"1245",1,1,"b"
"1246",0,1,"a"
"1247",1,0,"b"
"1248",1,1,"c"
"1249",1,1,"b"
"1250",1,0,"b"
"1251",0,1,"a"
"1252",1,1,"c"
"1253",1,0,"c"
"1254",1,1,"b"
"1255",1,1,"c"
"1256",0,1,"b"
"1257",1,0,"c"
"1258",1,1,"b"
"1259",1,1,"c"
"1260",0,0,"b"
"1261",0,0,"a"
"1262",1,0,"c"
"1263",1,0,"a"
"1264",1,0,"c"
"1265",1,1,"a"
"1266",1,1,"c"
"1267",0,1,"a"
"1268",1,1,"a"
"1269",1,1,"b"
"1270",0,0,"b"
"1271",0,1,"a"
"1272",1,1,"c"
"1273",1,1,"b"
"1274",1,0,"c"
"1275",1,0,"c"
"1276",0,0,"c"
"1277",1,1,"a"
"1278",1,1,"a"
"1279",1,0,"c"
"1280",0,1,"a"
"1281",0,1,"a"
"1282",1,0,"b"
"1283",1,0,"c"
"1284",0,0,"c"
"1285",0,1,"b"
"1286",1,0,"c"
"1287",0,1,"a"
"1288",1,0,"c"
"1289",1,1,"c"
"1290",1,1,"c"
"1291",1,0,"a"
"1292",0,1,"b"
"1293",1,0,"a"
"1294",1,1,"b"
"1295",0,0,"b"
"1296",1,1,"c"
"1297",0,0,"a"
"1298",1,0,"c"
"1299",1,1,"c"
"1300",1,0,"c"
"1301",1,0,"c"
"1302",1,0,"a"
"1303",0,0,"a"
"1304",1,1,"b"
"1305",1,0,"c"
"1306",1,0,"b"
"1307",1,1,"b"
"1308",1,0,"b"
"1309",1,0,"a"
"1310",1,0,"c"
"1311",1,0,"a"
"1312",1,1,"b"
"1313",1,0,"a"
"1314",1,1,"a"
"1315",0,1,"a"
"1316",1,1,"b"
"1317",1,1,"b"
"1318",0,0,"a"
"1319",1,1,"b"
"1320",1,1,"b"
"1321",0,0,"c"
"1322",1,1,"a"
"1323",1,0,"b"
"1324",0,0,"b"
"1325",1,0,"b"
"1326",0,1,"c"
"1327",1,1,"a"
"1328",1,0,"b"
"1329",0,1,"b"
"1330",1,0,"a"
"1331",1,1,"a"
"1332",0,0,"b"
"1333",1,0,"c"
"1334",1,0,"c"
"1335",1,1,"b"
"1336",1,0,"c"
"1337",1,1,"a"
"1338",1,1,"a"
"1339",1,1,"c"
"1340",1,1,"c"
"1341",1,0,"a"
"1342",1,0,"c"
"1343",1,0,"a"
"1344",1,0,"a"
"1345",1,0,"a"
"1346",1,0,"c"
"1347",0,1,"a"
"1348",1,0,"a"
"1349",1,1,"c"
"1350",1,0,"c"
"1351",1,1,"b"
"1352",1,0,"c"
"1353",1,0,"a"
"1354",1,1,"b"
"1355",0,0,"b"
"1356",0,1,"a"
"1357",0,0,"c"
"1358",0,1,"c"
"1359",1,1,"c"
"1360",1,0,"c"
"1361",1,1,"a"
"1362",1,1,"a"
"1363",1,1,"b"
"1364",1,1,"b"
"1365",1,0,"a"
"1366",1,0,"c"
"1367",1,0,"b"
"1368",1,1,"b"
"1369",1,0,"b"
"1370",0,0,"b"
"1371",1,1,"b"
"1372",0,0,"b"
"1373",1,0,"c"
"1374",0,0,"a"
"1375",1,1,"c"
"1376",1,1,"b"
"1377",0,0,"b"
"1378",1,0,"b"
"1379",1,1,"b"
"1380",1,1,"a"
"1381",1,1,"b"
"1382",1,0,"a"
"1383",1,1,"a"
"1384",1,0,"c"
"1385",1,0,"c"
"1386",1,0,"c"
"1387",1,0,"c"
"1388",1,1,"a"
"1389",0,0,"b"
"1390",1,0,"c"
"1391",1,0,"c"
"1392",1,0,"b"
"1393",1,1,"c"
"1394",1,0,"a"
"1395",1,0,"b"
"1396",1,0,"b"
"1397",1,0,"a"
"1398",1,0,"a"
"1399",1,0,"b"
"1400",1,1,"c"
"1401",1,1,"a"
"1402",1,1,"b"
"1403",1,0,"c"
"1404",1,0,"a"
"1405",1,1,"b"
"1406",0,0,"c"
"1407",1,1,"a"
"1408",1,1,"c"
"1409",0,1,"a"
"1410",1,0,"c"
"1411",1,0,"a"
"1412",0,0,"c"
"1413",0,1,"b"
"1414",1,0,"a"
"1415",1,0,"a"
"1416",1,1,"c"
"1417",0,1,"b"
"1418",0,0,"b"
"1419",1,1,"a"
"1420",0,1,"a"
"1421",0,1,"a"
"1422",1,0,"c"
"1423",1,1,"a"
"1424",1,0,"c"
"1425",1,1,"c"
"1426",0,1,"b"
"1427",1,0,"a"
"1428",1,1,"c"
"1429",1,1,"c"
"1430",1,0,"b"
"1431",1,0,"b"
"1432",1,0,"b"
"1433",1,1,"c"
"1434",1,1,"a"
"1435",1,0,"b"
"1436",0,0,"b"
"1437",1,1,"b"
"1438",1,0,"a"
"1439",0,1,"b"
"1440",1,0,"a"
"1441",1,1,"c"
"1442",1,0,"a"
"1443",1,0,"a"
"1444",1,1,"c"
"1445",1,0,"c"
"1446",1,0,"a"
"1447",0,0,"c"
"1448",1,0,"a"
"1449",1,0,"a"
"1450",0,1,"a"
"1451",0,1,"b"
"1452",1,0,"b"
"1453",1,1,"b"
"1454",1,1,"c"
"1455",1,0,"b"
"1456",0,0,"a"
"1457",1,1,"b"
"1458",1,1,"b"
"1459",1,0,"b"
"1460",1,1,"b"
"1461",1,0,"a"
"1462",1,0,"b"
"1463",1,0,"a"
"1464",1,1,"c"
"1465",1,1,"c"
"1466",1,1,"b"
"1467",1,0,"b"
"1468",1,1,"c"
"1469",1,1,"c"
"1470",0,0,"a"
"1471",1,1,"c"
"1472",1,0,"c"
"1473",1,0,"a"
"1474",1,1,"a"
"1475",1,1,"b"
"1476",0,1,"b"
"1477",1,0,"c"
"1478",1,1,"b"
"1479",0,1,"a"
"1480",1,1,"a"
"1481",1,0,"c"
"1482",1,1,"b"
"1483",1,1,"a"
"1484",1,0,"c"
"1485",1,0,"b"
"1486",1,1,"a"
"1487",1,1,"c"
"1488",1,0,"b"
"1489",1,0,"b"
"1490",0,1,"c"
"1491",0,1,"b"
"1492",0,0,"a"
"1493",0,0,"c"
"1494",1,1,"b"
"1495",0,0,"b"
"1496",0,1,"a"
"1497",1,1,"c"
"1498",1,0,"b"
"1499",1,1,"c"
"1500",1,0,"a"
"1501",1,1,"c"
"1502",1,1,"c"
"1503",1,0,"c"
"1504",1,1,"c"
"1505",1,1,"c"
"1506",1,0,"b"
"1507",1,1,"c"
"1508",1,0,"b"
"1509",1,0,"b"
"1510",1,1,"b"
"1511",0,0,"a"
"1512",0,0,"c"
"1513",1,1,"b"
"1514",1,0,"b"
"1515",1,0,"c"
"1516",1,0,"b"
"1517",1,0,"c"
"1518",1,1,"c"
"1519",1,1,"c"
"1520",1,0,"a"
"1521",1,1,"c"
"1522",1,0,"c"
"1523",1,1,"a"
"1524",0,1,"a"
"1525",1,1,"b"
"1526",1,0,"c"
"1527",1,0,"b"
"1528",1,0,"c"
"1529",1,1,"b"
"1530",1,0,"a"
"1531",0,1,"a"
"1532",1,0,"b"
"1533",0,0,"b"
"1534",1,1,"b"
"1535",1,1,"b"
"1536",1,1,"c"
"1537",1,1,"c"
"1538",1,0,"b"
"1539",1,1,"c"
"1540",1,1,"c"
"1541",1,1,"c"
"1542",1,0,"a"
"1543",1,1,"a"
"1544",1,1,"a"
"1545",0,1,"a"
"1546",0,1,"a"
"1547",1,0,"b"
"1548",0,0,"c"
"1549",1,1,"c"
"1550",1,1,"c"
"1551",1,1,"b"
"1552",1,1,"c"
"1553",1,1,"c"
"1554",0,0,"b"
"1555",1,0,"b"
"1556",1,1,"a"
"1557",1,1,"c"
"1558",1,0,"a"
"1559",0,0,"c"
"1560",1,0,"b"
"1561",1,0,"b"
"1562",1,0,"c"
"1563",1,0,"a"
"1564",1,0,"c"
"1565",0,1,"a"
"1566",0,0,"b"
"1567",1,0,"a"
"1568",1,0,"c"
"1569",0,1,"a"
"1570",1,0,"b"
"1571",0,1,"a"
"1572",1,0,"c"
"1573",0,1,"c"
"1574",1,0,"c"
"1575",1,1,"b"
"1576",1,1,"a"
"1577",1,1,"b"
"1578",0,0,"a"
"1579",1,1,"c"
"1580",1,1,"b"
"1581",1,1,"b"
"1582",1,1,"c"
"1583",1,1,"b"
"1584",0,0,"b"
"1585",1,1,"b"
"1586",1,1,"c"
"1587",1,0,"a"
"1588",1,1,"a"
"1589",0,1,"b"
"1590",1,0,"b"
"1591",1,1,"c"
"1592",1,1,"b"
"1593",1,1,"b"
"1594",0,0,"a"
"1595",1,0,"c"
"1596",0,0,"a"
"1597",1,1,"b"
"1598",1,0,"a"
"1599",1,1,"c"
"1600",1,1,"c"
"1601",0,1,"a"
"1602",1,1,"c"
"1603",1,0,"b"
"1604",1,0,"c"
"1605",1,0,"b"
"1606",1,1,"c"
"1607",1,0,"c"
"1608",1,0,"c"
"1609",1,1,"c"
"1610",0,1,"a"
"1611",0,1,"b"
"1612",1,1,"c"
"1613",1,0,"b"
"1614",0,0,"c"
"1615",1,1,"c"
"1616",1,1,"a"
"1617",1,0,"c"
"1618",1,1,"c"
"1619",1,1,"a"
"1620",0,0,"c"
"1621",1,1,"a"
"1622",1,1,"b"
"1623",1,1,"c"
"1624",1,1,"c"
"1625",1,0,"b"
"1626",0,0,"a"
"1627",1,1,"a"
"1628",1,1,"c"
"1629",0,1,"b"
"1630",1,0,"b"
"1631",1,0,"c"
"1632",1,0,"c"
"1633",1,0,"b"
"1634",1,1,"b"
"1635",1,0,"b"
"1636",1,1,"b"
"1637",1,1,"a"
"1638",1,1,"a"
"1639",0,1,"a"
"1640",1,0,"b"
"1641",0,1,"a"
"1642",1,0,"b"
"1643",1,0,"b"
"1644",1,1,"b"
"1645",1,0,"c"
"1646",1,1,"a"
"1647",0,1,"a"
"1648",0,0,"a"
"1649",1,0,"a"
"1650",1,0,"a"
"1651",1,1,"b"
"1652",1,0,"c"
"1653",1,0,"c"
"1654",1,1,"b"
"1655",1,1,"b"
"1656",0,1,"a"
"1657",1,0,"c"
"1658",1,0,"b"
"1659",1,1,"b"
"1660",1,0,"b"
"1661",1,1,"b"
"1662",1,1,"b"
"1663",1,1,"c"
"1664",1,0,"c"
"1665",1,1,"b"
"1666",1,1,"b"
"1667",1,1,"c"
"1668",1,0,"b"
"1669",1,0,"c"
"1670",0,0,"a"
"1671",1,1,"c"
"1672",1,1,"b"
"1673",1,0,"c"
"1674",1,0,"c"
"1675",1,1,"b"
"1676",1,1,"c"
"1677",0,0,"b"
"1678",1,1,"a"
"1679",1,1,"c"
"1680",1,1,"b"
"1681",1,1,"b"
"1682",1,1,"a"
"1683",1,1,"b"
"1684",1,1,"b"
"1685",1,0,"a"
"1686",1,1,"a"
"1687",1,1,"a"
"1688",1,1,"c"
"1689",1,1,"a"
"1690",0,0,"c"
"1691",1,1,"b"
"1692",1,1,"c"
"1693",0,0,"a"
"1694",1,1,"a"
"1695",1,1,"c"
"1696",0,1,"b"
"1697",0,1,"a"
"1698",1,1,"c"
"1699",0,0,"a"
"1700",1,0,"b"
"1701",1,0,"a"
"1702",1,1,"b"
"1703",1,0,"a"
"1704",1,1,"c"
"1705",1,1,"b"
"1706",1,1,"c"
"1707",1,1,"c"
"1708",1,0,"c"
"1709",1,1,"a"
"1710",1,1,"b"
"1711",1,1,"a"
"1712",1,1,"c"
"1713",1,0,"c"
"1714",1,1,"c"
"1715",1,0,"a"
"1716",1,0,"b"
"1717",1,0,"c"
"1718",1,0,"c"
"1719",0,0,"a"
"1720",1,0,"c"
"1721",1,0,"c"
"1722",1,1,"c"
"1723",0,0,"c"
"1724",1,1,"b"
"1725",1,0,"c"
"1726",1,0,"b"
"1727",1,1,"b"
"1728",0,0,"b"
"1729",1,0,"c"
"1730",1,1,"a"
"1731",1,1,"b"
"1732",1,1,"c"
"1733",1,1,"b"
"1734",1,1,"c"
"1735",1,0,"a"
"1736",1,1,"c"
"1737",1,0,"c"
"1738",1,1,"b"
"1739",0,0,"c"
"1740",1,1,"a"
"1741",1,1,"c"
"1742",1,1,"a"
"1743",1,1,"a"
"1744",1,0,"b"
"1745",1,0,"a"
"1746",0,0,"c"
"1747",1,0,"b"
"1748",1,1,"c"
"1749",1,0,"c"
"1750",1,1,"a"
"1751",1,1,"a"
"1752",1,0,"c"
"1753",1,1,"a"
"1754",1,0,"b"
"1755",1,1,"c"
"1756",1,1,"b"
"1757",1,0,"a"
"1758",1,0,"c"
"1759",1,1,"b"
"1760",0,1,"a"
"1761",1,0,"a"
"1762",0,0,"a"
"1763",1,1,"b"
"1764",0,1,"a"
"1765",1,1,"c"
"1766",1,1,"b"
"1767",0,1,"a"
"1768",1,1,"b"
"1769",1,0,"c"
"1770",1,0,"a"
"1771",1,1,"a"
"1772",0,0,"a"
"1773",1,0,"b"
"1774",1,1,"b"
"1775",0,1,"a"
"1776",1,0,"a"
"1777",0,0,"b"
"1778",1,0,"b"
"1779",1,0,"a"
"1780",1,1,"c"
"1781",1,0,"a"
"1782",1,1,"c"
"1783",0,1,"a"
"1784",1,0,"b"
"1785",1,0,"c"
"1786",1,1,"b"
"1787",1,1,"b"
"1788",1,0,"a"
"1789",0,1,"a"
"1790",1,1,"a"
"1791",1,0,"c"
"1792",1,1,"a"
"1793",1,0,"a"
"1794",1,1,"c"
"1795",1,1,"a"
"1796",1,0,"c"
"1797",1,0,"b"
"1798",0,0,"c"
"1799",1,1,"a"
"1800",1,1,"c"
"1801",1,0,"b"
"1802",1,0,"c"
"1803",1,1,"c"
"1804",1,1,"a"
"1805",1,0,"c"
"1806",1,1,"a"
"1807",1,1,"a"
"1808",1,0,"a"
"1809",1,0,"c"
"1810",1,0,"c"
"1811",1,1,"c"
"1812",1,0,"a"
"1813",1,1,"b"
"1814",1,1,"c"
"1815",1,1,"a"
"1816",1,0,"b"
"1817",1,1,"a"
"1818",1,0,"a"
"1819",1,1,"a"
"1820",1,1,"b"
"1821",1,1,"c"
"1822",1,0,"b"
"1823",1,1,"c"
"1824",1,0,"b"
"1825",1,1,"a"
"1826",0,1,"a"
"1827",1,1,"c"
"1828",1,1,"c"
"1829",1,0,"b"
"1830",1,0,"b"
"1831",1,1,"b"
"1832",1,1,"a"
"1833",0,1,"a"
"1834",1,0,"c"
"1835",1,0,"c"
"1836",1,1,"c"
"1837",1,1,"b"
"1838",0,0,"b"
"1839",1,1,"c"
"1840",1,0,"c"
"1841",0,0,"b"
"1842",1,0,"c"
"1843",1,0,"c"
"1844",1,1,"c"
"1845",1,0,"c"
"1846",1,0,"c"
"1847",1,1,"b"
"1848",1,0,"c"
"1849",1,1,"c"
"1850",1,1,"c"
"1851",1,0,"a"
"1852",0,0,"a"
"1853",1,0,"b"
"1854",0,0,"b"
"1855",1,0,"a"
"1856",1,0,"c"
"1857",1,0,"a"
"1858",1,1,"c"
"1859",1,0,"a"
"1860",1,1,"b"
"1861",1,1,"a"
"1862",1,1,"c"
"1863",1,0,"a"
"1864",1,0,"a"
"1865",1,0,"c"
"1866",1,1,"c"
"1867",1,1,"a"
"1868",1,1,"b"
"1869",1,0,"b"
"1870",1,1,"b"
"1871",0,1,"a"
"1872",0,1,"b"
"1873",1,1,"c"
"1874",1,0,"c"
"1875",1,1,"c"
"1876",0,0,"b"
"1877",1,1,"c"
"1878",1,1,"b"
"1879",1,1,"b"
"1880",1,1,"c"
"1881",1,1,"a"
"1882",1,1,"b"
"1883",1,0,"c"
"1884",1,1,"c"
"1885",1,1,"c"
"1886",1,0,"b"
"1887",1,0,"b"
"1888",1,0,"b"
"1889",1,1,"a"
"1890",1,1,"c"
"1891",1,0,"a"
"1892",1,1,"a"
"1893",1,1,"c"
"1894",1,1,"c"
"1895",1,0,"a"
"1896",1,0,"b"
"1897",1,0,"a"
"1898",1,0,"b"
"1899",1,0,"b"
"1900",1,1,"c"
"1901",1,0,"b"
"1902",1,1,"b"
"1903",1,0,"b"
"1904",0,0,"b"
"1905",1,0,"a"
"1906",1,1,"c"
"1907",1,0,"b"
"1908",0,0,"a"
"1909",0,1,"a"
"1910",1,1,"a"
"1911",0,1,"b"
"1912",1,1,"b"
"1913",1,1,"a"
"1914",1,1,"a"
"1915",1,0,"a"
"1916",1,1,"a"
"1917",0,0,"b"
"1918",1,0,"b"
"1919",1,0,"a"
"1920",1,1,"b"
"1921",1,0,"a"
"1922",1,0,"a"
"1923",1,1,"b"
"1924",0,1,"b"
"1925",1,0,"b"
"1926",1,1,"a"
"1927",1,0,"c"
"1928",1,0,"b"
"1929",1,1,"b"
"1930",1,1,"c"
"1931",0,1,"a"
"1932",1,0,"b"
"1933",1,0,"b"
"1934",1,0,"b"
"1935",1,0,"a"
"1936",1,1,"c"
"1937",1,1,"a"
"1938",1,1,"a"
"1939",1,0,"c"
"1940",1,1,"c"
"1941",1,0,"b"
"1942",0,0,"a"
"1943",0,0,"c"
"1944",0,0,"c"
"1945",1,0,"c"
"1946",1,1,"b"
"1947",0,0,"b"
"1948",1,0,"b"
"1949",1,1,"c"
"1950",1,1,"c"
"1951",1,1,"c"
"1952",1,0,"b"
"1953",1,1,"b"
"1954",1,0,"a"
"1955",1,1,"b"
"1956",1,1,"c"
"1957",1,1,"c"
"1958",0,1,"b"
"1959",1,1,"a"
"1960",1,1,"c"
"1961",0,0,"a"
"1962",1,1,"a"
"1963",1,1,"a"
"1964",1,1,"c"
"1965",1,0,"b"
"1966",0,1,"a"
"1967",1,1,"b"
"1968",1,0,"b"
"1969",1,0,"b"
"1970",1,0,"c"
"1971",1,0,"b"
"1972",1,1,"b"
"1973",1,1,"b"
"1974",1,0,"a"
"1975",1,0,"c"
"1976",1,0,"a"
"1977",1,0,"b"
"1978",1,1,"a"
"1979",1,0,"c"
"1980",1,1,"a"
"1981",1,1,"b"
"1982",0,0,"b"
"1983",1,0,"b"
"1984",1,0,"c"
"1985",1,1,"c"
"1986",1,1,"c"
"1987",1,0,"a"
"1988",1,0,"c"
"1989",1,1,"c"
"1990",1,1,"b"
"1991",0,0,"a"
"1992",1,1,"b"
"1993",1,1,"c"
"1994",1,1,"b"
"1995",1,0,"a"
"1996",1,1,"c"
"1997",1,1,"c"
"1998",1,1,"b"
"1999",1,1,"c"
"2000",0,1,"b"
"2001",1,0,"a"
"2002",0,0,"b"
"2003",1,0,"a"
"2004",1,0,"b"
"2005",1,1,"b"
"2006",1,1,"b"
"2007",1,0,"c"
"2008",1,0,"c"
"2009",1,0,"c"
"2010",0,1,"b"
"2011",1,1,"b"
"2012",0,0,"b"
"2013",0,0,"c"
"2014",1,0,"b"
"2015",1,0,"b"
"2016",1,1,"a"
"2017",1,1,"c"
"2018",0,1,"c"
"2019",1,1,"b"
"2020",1,0,"a"
"2021",0,0,"a"
"2022",0,0,"c"
"2023",0,0,"b"
"2024",1,1,"c"
"2025",0,1,"b"
"2026",1,1,"c"
"2027",1,0,"c"
"2028",1,0,"c"
"2029",1,0,"c"
"2030",1,1,"c"
"2031",1,0,"b"
"2032",1,0,"c"
"2033",1,1,"c"
"2034",1,0,"b"
"2035",1,0,"c"
"2036",1,1,"b"
"2037",1,1,"b"
"2038",1,1,"c"
"2039",0,0,"a"
"2040",0,0,"c"
"2041",1,0,"c"
"2042",1,0,"c"
"2043",0,0,"b"
"2044",1,1,"b"
"2045",1,0,"c"
"2046",1,1,"c"
"2047",1,0,"b"
"2048",1,1,"b"
"2049",1,1,"c"
"2050",1,1,"c"
"2051",1,0,"c"
"2052",1,1,"c"
"2053",1,1,"c"
"2054",1,1,"b"
"2055",1,1,"b"
"2056",0,1,"c"
"2057",1,1,"b"
"2058",1,1,"c"
"2059",1,0,"a"
"2060",1,0,"a"
"2061",0,0,"a"
"2062",0,0,"a"
"2063",1,1,"b"
"2064",0,0,"b"
"2065",1,0,"c"
"2066",1,0,"c"
"2067",1,1,"c"
"2068",1,1,"b"
"2069",1,0,"c"
"2070",1,1,"b"
"2071",1,0,"b"
"2072",0,1,"b"
"2073",1,1,"c"
"2074",1,0,"a"
"2075",0,0,"b"
"2076",1,1,"c"
"2077",1,0,"c"
"2078",1,0,"b"
"2079",1,1,"b"
"2080",1,1,"c"
"2081",1,1,"b"
"2082",1,0,"c"
"2083",1,1,"a"
"2084",1,1,"b"
"2085",1,0,"a"
"2086",1,0,"c"
"2087",1,0,"b"
"2088",1,0,"b"
"2089",1,1,"a"
"2090",1,1,"c"
"2091",0,1,"a"
"2092",1,1,"b"
"2093",1,1,"c"
"2094",0,1,"b"
"2095",0,0,"b"
"2096",1,1,"c"
"2097",0,0,"a"
"2098",0,0,"a"
"2099",1,0,"c"
"2100",1,0,"a"
"2101",1,0,"c"
"2102",1,1,"a"
"2103",0,0,"a"
"2104",1,0,"b"
"2105",1,0,"c"
"2106",1,0,"a"
"2107",0,0,"b"
"2108",1,0,"c"
"2109",1,1,"b"
"2110",1,1,"c"
"2111",0,0,"c"
"2112",1,0,"c"
"2113",0,0,"a"
"2114",1,1,"a"
"2115",0,1,"a"
"2116",1,0,"b"
"2117",0,0,"c"
"2118",0,0,"a"
"2119",1,1,"c"
"2120",1,1,"b"
"2121",1,1,"b"
"2122",1,0,"b"
"2123",0,0,"b"
"2124",1,0,"c"
"2125",1,1,"a"
"2126",1,0,"b"
"2127",1,1,"a"
"2128",1,0,"b"
"2129",1,1,"a"
"2130",0,0,"a"
"2131",1,1,"b"
"2132",1,0,"b"
"2133",1,1,"c"
"2134",0,0,"c"
"2135",1,1,"b"
"2136",0,0,"a"
"2137",1,0,"b"
"2138",1,1,"b"
"2139",1,1,"c"
"2140",1,0,"a"
"2141",1,0,"b"
"2142",1,1,"a"
"2143",0,1,"a"
"2144",1,0,"a"
"2145",1,1,"a"
"2146",0,0,"b"
"2147",1,0,"a"
"2148",1,0,"c"
"2149",1,0,"b"
"2150",1,1,"b"
"2151",1,0,"c"
"2152",1,0,"a"
"2153",1,1,"c"
"2154",0,0,"b"
"2155",1,0,"c"
"2156",1,1,"a"
"2157",1,0,"c"
"2158",1,1,"b"
"2159",1,0,"c"
"2160",1,0,"a"
"2161",1,1,"a"
"2162",1,1,"a"
"2163",1,0,"c"
"2164",0,1,"a"
"2165",1,0,"c"
"2166",1,1,"a"
"2167",0,0,"b"
"2168",1,0,"a"
"2169",1,0,"c"
"2170",1,1,"c"
"2171",1,1,"b"
"2172",1,1,"a"
"2173",1,1,"c"
"2174",0,1,"a"
"2175",1,0,"b"
"2176",1,1,"c"
"2177",1,0,"b"
"2178",0,0,"a"
"2179",0,0,"b"
"2180",0,1,"b"
"2181",1,1,"b"
"2182",1,1,"a"
"2183",1,1,"b"
"2184",1,1,"c"
"2185",1,0,"b"
"2186",1,0,"a"
"2187",0,0,"b"
"2188",0,0,"a"
"2189",0,1,"a"
"2190",0,0,"a"
"2191",1,0,"c"
"2192",1,0,"c"
"2193",0,1,"a"
"2194",1,1,"c"
"2195",1,0,"b"
"2196",1,1,"c"
"2197",1,0,"c"
"2198",1,1,"b"
"2199",1,1,"a"
"2200",1,0,"a"
"2201",1,1,"b"
"2202",1,0,"a"
"2203",1,0,"a"
"2204",1,1,"c"
"2205",0,0,"a"
"2206",1,0,"b"
"2207",0,0,"a"
"2208",0,0,"a"
"2209",0,0,"a"
"2210",1,0,"b"
"2211",1,0,"c"
"2212",1,1,"a"
"2213",1,0,"c"
"2214",1,0,"c"
"2215",0,0,"b"
"2216",1,0,"a"
"2217",1,1,"c"
"2218",1,1,"b"
"2219",0,1,"a"
"2220",1,0,"a"
"2221",0,0,"c"
"2222",1,0,"a"
"2223",1,1,"a"
"2224",1,1,"c"
"2225",1,1,"c"
"2226",1,0,"b"
"2227",1,1,"c"
"2228",1,0,"b"
"2229",1,1,"c"
"2230",1,1,"b"
"2231",1,0,"c"
"2232",1,0,"c"
"2233",1,0,"c"
"2234",1,1,"b"
"2235",1,1,"c"
"2236",1,0,"a"
"2237",0,1,"a"
"2238",1,1,"a"
"2239",1,0,"a"
"2240",0,0,"a"
"2241",1,1,"b"
"2242",1,0,"b"
"2243",1,0,"b"
"2244",1,0,"b"
"2245",1,0,"c"
"2246",0,1,"b"
"2247",1,0,"b"
"2248",0,1,"a"
"2249",1,1,"a"
"2250",1,1,"c"
"2251",1,1,"c"
"2252",0,0,"a"
"2253",1,0,"c"
"2254",1,1,"a"
"2255",1,0,"c"
"2256",1,0,"b"
"2257",0,1,"a"
"2258",0,0,"c"
"2259",1,1,"c"
"2260",1,0,"a"
"2261",1,0,"c"
"2262",0,0,"b"
"2263",0,1,"a"
"2264",1,0,"c"
"2265",1,1,"b"
"2266",1,1,"c"
"2267",1,1,"b"
"2268",1,1,"b"
"2269",0,1,"a"
"2270",1,1,"c"
"2271",1,0,"b"
"2272",1,1,"b"
"2273",1,1,"b"
"2274",1,0,"a"
"2275",1,1,"a"
"2276",1,0,"a"
"2277",1,0,"a"
"2278",1,0,"b"
"2279",1,1,"c"
"2280",0,1,"a"
"2281",1,0,"c"
"2282",1,0,"c"
"2283",0,0,"a"
"2284",0,0,"a"
"2285",1,1,"a"
"2286",1,0,"c"
"2287",0,0,"b"
"2288",1,0,"a"
"2289",1,1,"b"
"2290",1,0,"c"
"2291",1,1,"a"
"2292",1,0,"c"
"2293",1,0,"b"
"2294",1,1,"a"
"2295",0,0,"a"
"2296",1,1,"a"
"2297",1,1,"a"
"2298",1,0,"c"
"2299",1,1,"c"
"2300",1,1,"a"
"2301",1,1,"a"
"2302",1,1,"c"
"2303",1,1,"c"
"2304",1,1,"c"
"2305",1,1,"c"
"2306",0,0,"c"
"2307",1,1,"a"
"2308",1,0,"c"
"2309",1,1,"a"
"2310",1,0,"b"
"2311",1,0,"c"
"2312",1,0,"a"
"2313",1,0,"a"
"2314",1,0,"a"
"2315",1,1,"c"
"2316",1,1,"b"
"2317",1,1,"a"
"2318",1,0,"b"
"2319",1,0,"a"
"2320",1,0,"c"
"2321",1,0,"a"
"2322",1,0,"a"
"2323",1,1,"b"
"2324",1,1,"a"
"2325",0,0,"a"
"2326",1,1,"a"
"2327",1,1,"b"
"2328",0,0,"b"
"2329",0,1,"a"
"2330",1,0,"b"
"2331",1,1,"a"
"2332",1,1,"c"
"2333",0,0,"a"
"2334",1,1,"c"
"2335",0,0,"a"
"2336",0,0,"c"
"2337",0,0,"b"
"2338",0,0,"a"
"2339",1,1,"b"
"2340",1,0,"b"
"2341",0,0,"c"
"2342",0,0,"a"
"2343",1,1,"b"
"2344",0,1,"b"
"2345",1,1,"a"
"2346",1,1,"c"
"2347",0,1,"c"
"2348",0,1,"c"
"2349",0,0,"a"
"2350",0,0,"c"
"2351",0,1,"c"
"2352",1,1,"c"
"2353",1,0,"c"
"2354",1,0,"c"
"2355",1,0,"a"
"2356",0,0,"a"
"2357",1,1,"a"
"2358",1,1,"b"
"2359",1,0,"b"
"2360",1,0,"b"
"2361",1,0,"c"
"2362",1,1,"b"
"2363",1,0,"b"
"2364",0,0,"b"
"2365",1,1,"b"
"2366",1,0,"b"
"2367",1,1,"b"
"2368",1,0,"b"
"2369",1,1,"b"
"2370",1,1,"a"
"2371",1,0,"c"
"2372",1,1,"c"
"2373",0,1,"a"
"2374",1,0,"c"
"2375",1,0,"a"
"2376",1,1,"b"
"2377",1,0,"b"
"2378",1,1,"a"
"2379",1,0,"a"
"2380",1,1,"c"
"2381",0,1,"a"
"2382",1,0,"c"
"2383",0,0,"a"
"2384",0,0,"a"
"2385",1,1,"a"
"2386",1,0,"c"
"2387",0,1,"a"
"2388",1,0,"a"
"2389",0,0,"a"
"2390",1,0,"b"
"2391",0,0,"a"
"2392",1,1,"a"
"2393",1,1,"c"
"2394",1,1,"c"
"2395",1,1,"c"
"2396",1,1,"b"
"2397",1,1,"c"
"2398",1,1,"a"
"2399",1,1,"b"
"2400",1,1,"b"
"2401",1,0,"c"
"2402",0,0,"c"
"2403",1,1,"a"
"2404",1,1,"c"
"2405",1,1,"c"
"2406",1,0,"c"
"2407",1,0,"b"
"2408",0,0,"c"
"2409",1,1,"a"
"2410",1,1,"a"
"2411",1,1,"a"
"2412",1,1,"c"
"2413",0,0,"a"
"2414",1,1,"a"
"2415",1,0,"b"
"2416",1,1,"c"
"2417",1,0,"a"
"2418",1,1,"a"
"2419",0,0,"b"
"2420",1,1,"c"
"2421",0,0,"b"
"2422",1,1,"a"
"2423",0,0,"a"
"2424",1,0,"a"
"2425",1,0,"b"
"2426",1,0,"c"
"2427",1,1,"b"
"2428",0,1,"a"
"2429",1,0,"b"
"2430",1,1,"a"
"2431",1,0,"b"
"2432",1,1,"c"
"2433",1,1,"a"
"2434",1,1,"b"
"2435",1,0,"b"
"2436",1,1,"c"
"2437",1,0,"b"
"2438",1,1,"b"
"2439",1,1,"c"
"2440",1,1,"b"
"2441",1,1,"b"
"2442",1,0,"a"
"2443",1,1,"b"
"2444",0,0,"c"
"2445",1,0,"b"
"2446",1,1,"c"
"2447",0,0,"b"
"2448",1,1,"b"
"2449",0,1,"a"
"2450",1,1,"a"
"2451",1,1,"c"
"2452",0,1,"b"
"2453",1,0,"c"
"2454",0,1,"b"
"2455",1,1,"b"
"2456",0,1,"a"
"2457",1,1,"a"
"2458",1,1,"b"
"2459",1,1,"a"
"2460",0,0,"a"
"2461",1,0,"a"
"2462",1,0,"b"
"2463",1,0,"c"
"2464",0,0,"c"
"2465",1,0,"b"
"2466",1,1,"b"
"2467",0,1,"a"
"2468",0,0,"a"
"2469",1,1,"b"
"2470",1,1,"a"
"2471",0,1,"b"
"2472",1,1,"b"
"2473",1,1,"c"
"2474",1,0,"a"
"2475",1,1,"a"
"2476",1,0,"c"
"2477",1,1,"c"
"2478",0,1,"a"
"2479",1,1,"c"
"2480",0,0,"a"
"2481",1,1,"b"
"2482",1,0,"a"
"2483",1,1,"a"
"2484",0,0,"c"
"2485",1,1,"c"
"2486",1,0,"c"
"2487",1,0,"a"
"2488",1,0,"b"
"2489",1,0,"c"
"2490",1,0,"a"
"2491",1,1,"a"
"2492",1,0,"b"
"2493",1,0,"c"
"2494",1,1,"a"
"2495",1,1,"b"
"2496",1,1,"b"
"2497",0,0,"c"
"2498",1,1,"c"
"2499",0,0,"c"
"2500",1,0,"b"
"2501",1,1,"a"
"2502",1,1,"b"
"2503",1,0,"c"
"2504",1,1,"c"
"2505",1,1,"a"
"2506",1,0,"a"
"2507",1,0,"b"
"2508",1,1,"b"
"2509",1,0,"b"
"2510",1,1,"a"
"2511",1,0,"a"
"2512",1,1,"b"
"2513",1,0,"c"
"2514",1,0,"c"
"2515",1,1,"c"
"2516",1,0,"c"
"2517",1,1,"b"
"2518",1,1,"c"
"2519",1,1,"c"
"2520",1,1,"a"
"2521",1,1,"a"
"2522",1,0,"c"
"2523",0,0,"c"
"2524",0,0,"b"
"2525",1,0,"a"
"2526",1,0,"b"
"2527",1,1,"a"
"2528",1,0,"c"
"2529",1,1,"c"
"2530",0,0,"b"
"2531",1,0,"c"
"2532",1,1,"c"
"2533",1,0,"c"
"2534",0,1,"a"
"2535",1,0,"a"
"2536",0,1,"a"
"2537",1,0,"c"
"2538",1,1,"b"
"2539",1,0,"b"
"2540",1,1,"c"
"2541",1,0,"b"
"2542",1,1,"b"
"2543",1,0,"c"
"2544",1,1,"c"
"2545",1,0,"c"
"2546",0,1,"a"
"2547",0,0,"a"
"2548",1,1,"b"
"2549",0,1,"c"
"2550",1,1,"b"
"2551",0,1,"a"
"2552",1,0,"a"
"2553",0,0,"b"
"2554",1,1,"c"
"2555",0,0,"a"
"2556",1,0,"a"
"2557",0,0,"b"
"2558",1,0,"b"
"2559",1,0,"a"
"2560",1,1,"b"
"2561",1,0,"b"
"2562",1,1,"c"
"2563",0,1,"b"
"2564",1,1,"b"
"2565",1,0,"a"
"2566",1,1,"c"
"2567",0,0,"a"
"2568",1,0,"a"
"2569",1,0,"c"
"2570",1,1,"c"
"2571",1,0,"a"
"2572",1,0,"a"
"2573",1,1,"b"
"2574",1,1,"c"
"2575",1,1,"c"
"2576",1,1,"a"
"2577",1,1,"a"
"2578",1,1,"c"
"2579",0,0,"a"
"2580",1,1,"a"
"2581",1,1,"c"
"2582",0,0,"a"
"2583",1,0,"b"
"2584",1,1,"b"
"2585",1,1,"b"
"2586",0,1,"a"
"2587",0,0,"a"
"2588",1,1,"b"
"2589",1,1,"a"
"2590",1,1,"b"
"2591",1,0,"b"
"2592",1,0,"c"
"2593",1,1,"b"
"2594",1,0,"c"
"2595",0,0,"b"
"2596",1,0,"b"
"2597",1,1,"c"
"2598",0,0,"a"
"2599",1,0,"c"
"2600",1,1,"a"
"2601",0,1,"a"
"2602",1,0,"c"
"2603",0,0,"a"
"2604",1,1,"a"
"2605",1,1,"a"
"2606",0,0,"b"
"2607",1,1,"b"
"2608",1,0,"c"
"2609",0,0,"a"
"2610",0,1,"a"
"2611",1,1,"c"
"2612",1,0,"b"
"2613",1,1,"b"
"2614",1,1,"a"
"2615",1,0,"c"
"2616",1,0,"b"
"2617",0,1,"a"
"2618",1,0,"b"
"2619",0,1,"a"
"2620",1,1,"c"
"2621",1,0,"b"
"2622",1,1,"b"
"2623",0,1,"a"
"2624",0,0,"a"
"2625",0,1,"a"
"2626",1,1,"b"
"2627",1,0,"a"
"2628",1,0,"a"
"2629",1,0,"c"
"2630",0,1,"a"
"2631",1,1,"b"
"2632",1,0,"a"
"2633",1,1,"b"
"2634",1,0,"b"
"2635",1,1,"c"
"2636",0,0,"b"
"2637",0,1,"a"
"2638",1,1,"b"
"2639",1,0,"b"
"2640",1,1,"b"
"2641",0,0,"a"
"2642",1,1,"c"
"2643",0,0,"a"
"2644",1,0,"c"
"2645",1,1,"b"
"2646",1,1,"a"
"2647",1,0,"b"
"2648",1,0,"c"
"2649",1,0,"b"
"2650",1,0,"c"
"2651",0,0,"a"
"2652",0,0,"c"
"2653",1,1,"b"
"2654",1,0,"b"
"2655",0,0,"b"
"2656",1,1,"a"
"2657",1,1,"c"
"2658",0,0,"b"
"2659",0,0,"c"
"2660",1,1,"c"
"2661",0,0,"a"
"2662",1,0,"b"
"2663",1,0,"b"
"2664",1,1,"c"
"2665",1,1,"a"
"2666",1,0,"c"
"2667",0,0,"a"
"2668",0,0,"a"
"2669",1,0,"b"
"2670",0,0,"a"
"2671",0,0,"b"
"2672",0,0,"a"
"2673",1,0,"b"
"2674",1,0,"b"
"2675",1,1,"b"
"2676",1,1,"c"
"2677",1,0,"c"
"2678",1,0,"b"
"2679",0,0,"c"
"2680",1,1,"b"
"2681",1,1,"b"
"2682",1,1,"c"
"2683",1,1,"b"
"2684",1,0,"a"
"2685",1,1,"c"
"2686",1,0,"c"
"2687",1,1,"a"
"2688",0,0,"b"
"2689",0,1,"b"
"2690",1,0,"c"
"2691",0,0,"a"
"2692",1,1,"a"
"2693",1,0,"a"
"2694",1,1,"b"
"2695",1,1,"b"
"2696",1,0,"c"
"2697",1,1,"a"
"2698",1,1,"b"
"2699",1,0,"c"
"2700",1,0,"b"
"2701",0,0,"a"
"2702",1,1,"b"
"2703",1,1,"a"
"2704",1,0,"a"
"2705",0,1,"a"
"2706",1,0,"b"
"2707",0,0,"a"
"2708",1,1,"c"
"2709",1,0,"a"
"2710",1,0,"a"
"2711",0,1,"a"
"2712",1,0,"b"
"2713",1,1,"b"
"2714",1,1,"c"
"2715",1,1,"a"
"2716",1,0,"c"
"2717",0,0,"b"
"2718",1,1,"a"
"2719",1,0,"c"
"2720",1,0,"a"
"2721",1,1,"a"
"2722",1,1,"b"
"2723",1,1,"b"
"2724",1,1,"a"
"2725",1,0,"c"
"2726",0,0,"b"
"2727",1,1,"a"
"2728",1,0,"a"
"2729",0,0,"b"
"2730",0,0,"b"
"2731",1,1,"b"
"2732",1,1,"c"
"2733",1,1,"c"
"2734",0,0,"a"
"2735",1,0,"a"
"2736",1,0,"c"
"2737",1,1,"b"
"2738",1,0,"c"
"2739",1,1,"c"
"2740",1,1,"c"
"2741",1,0,"b"
"2742",1,0,"a"
"2743",0,0,"a"
"2744",0,0,"a"
"2745",1,0,"c"
"2746",1,1,"b"
"2747",1,1,"c"
"2748",0,0,"b"
"2749",1,1,"a"
"2750",1,1,"b"
"2751",0,1,"a"
"2752",1,1,"c"
"2753",1,1,"a"
"2754",0,0,"a"
"2755",0,1,"b"
"2756",1,0,"c"
"2757",1,0,"a"
"2758",1,0,"b"
"2759",1,1,"a"
"2760",1,0,"c"
"2761",1,1,"b"
"2762",1,1,"a"
"2763",1,1,"a"
"2764",1,1,"b"
"2765",0,0,"a"
"2766",0,0,"a"
"2767",1,0,"c"
"2768",1,1,"c"
"2769",0,1,"c"
"2770",1,1,"c"
"2771",1,1,"b"
"2772",1,0,"b"
"2773",1,1,"a"
"2774",1,1,"c"
"2775",0,0,"b"
"2776",1,1,"a"
"2777",1,0,"a"
"2778",1,1,"b"
"2779",1,1,"a"
"2780",1,1,"c"
"2781",1,0,"b"
"2782",1,1,"a"
"2783",1,0,"a"
"2784",1,0,"a"
"2785",1,0,"b"
"2786",1,1,"a"
"2787",1,1,"c"
"2788",1,1,"c"
"2789",1,0,"a"
"2790",1,0,"b"
"2791",1,1,"b"
"2792",0,1,"b"
"2793",1,0,"c"
"2794",1,0,"a"
"2795",1,0,"a"
"2796",0,0,"a"
"2797",1,0,"c"
"2798",1,0,"c"
"2799",1,0,"b"
"2800",1,0,"c"
"2801",1,1,"b"
"2802",1,0,"b"
"2803",1,1,"c"
"2804",0,1,"a"
"2805",1,1,"c"
"2806",1,1,"a"
"2807",1,0,"b"
"2808",1,0,"b"
"2809",1,0,"c"
"2810",1,1,"a"
"2811",1,0,"c"
"2812",0,0,"a"
"2813",1,1,"c"
"2814",1,1,"c"
"2815",0,1,"a"
"2816",0,0,"a"
"2817",1,1,"b"
"2818",1,1,"c"
"2819",1,0,"c"
"2820",1,1,"a"
"2821",1,0,"c"
"2822",1,0,"b"
"2823",1,1,"b"
"2824",1,0,"a"
"2825",1,0,"b"
"2826",1,1,"b"
"2827",1,0,"c"
"2828",1,1,"c"
"2829",0,0,"a"
"2830",1,1,"b"
"2831",0,0,"a"
"2832",1,1,"b"
"2833",1,1,"c"
"2834",1,0,"c"
"2835",0,0,"b"
"2836",1,1,"a"
"2837",1,0,"a"
"2838",1,1,"a"
"2839",0,1,"a"
"2840",1,0,"b"
"2841",1,0,"a"
"2842",1,1,"b"
"2843",1,1,"a"
"2844",0,1,"b"
"2845",0,0,"a"
"2846",0,0,"b"
"2847",1,0,"b"
"2848",1,1,"a"
"2849",1,1,"b"
"2850",0,1,"a"
"2851",1,1,"c"
"2852",1,1,"c"
"2853",1,0,"b"
"2854",0,0,"a"
"2855",1,1,"b"
"2856",1,0,"b"
"2857",1,0,"a"
"2858",1,1,"c"
"2859",1,1,"c"
"2860",1,1,"c"
"2861",1,0,"b"
"2862",0,0,"c"
"2863",1,1,"a"
"2864",1,0,"c"
"2865",1,0,"c"
"2866",0,0,"a"
"2867",1,0,"c"
"2868",1,1,"c"
"2869",1,0,"b"
"2870",1,1,"b"
"2871",0,0,"c"
"2872",1,1,"b"
"2873",1,0,"a"
"2874",1,1,"c"
"2875",0,0,"a"
"2876",1,1,"c"
"2877",1,1,"b"
"2878",0,0,"b"
"2879",1,1,"a"
"2880",0,0,"b"
"2881",0,1,"b"
"2882",0,0,"b"
"2883",1,1,"b"
"2884",1,1,"c"
"2885",1,0,"c"
"2886",0,0,"a"
"2887",0,0,"c"
"2888",1,1,"b"
"2889",1,0,"c"
"2890",1,1,"b"
"2891",1,1,"c"
"2892",1,1,"a"
"2893",1,1,"c"
"2894",0,0,"b"
"2895",0,0,"a"
"2896",1,0,"a"
"2897",0,1,"a"
"2898",1,0,"b"
"2899",0,0,"a"
"2900",0,0,"b"
"2901",1,0,"c"
"2902",0,1,"a"
"2903",1,0,"b"
"2904",1,0,"a"
"2905",1,1,"a"
"2906",0,0,"a"
"2907",1,1,"b"
"2908",1,1,"c"
"2909",1,0,"a"
"2910",1,0,"c"
"2911",1,1,"b"
"2912",0,1,"b"
"2913",1,0,"c"
"2914",1,1,"a"
"2915",0,0,"a"
"2916",1,1,"a"
"2917",0,0,"b"
"2918",1,0,"b"
"2919",1,1,"b"
"2920",1,1,"a"
"2921",1,1,"c"
"2922",0,0,"a"
"2923",1,0,"c"
"2924",1,1,"b"
"2925",1,1,"b"
"2926",1,1,"c"
"2927",0,1,"a"
"2928",1,0,"c"
"2929",1,1,"c"
"2930",1,0,"c"
"2931",1,0,"c"
"2932",1,1,"b"
"2933",1,0,"c"
"2934",1,1,"c"
"2935",1,1,"b"
"2936",0,0,"a"
"2937",1,1,"a"
"2938",1,1,"c"
"2939",0,0,"c"
"2940",1,1,"c"
"2941",1,0,"b"
"2942",0,0,"b"
"2943",1,0,"b"
"2944",1,0,"a"
"2945",0,1,"b"
"2946",0,0,"a"
"2947",0,0,"c"
"2948",1,1,"c"
"2949",1,1,"c"
"2950",0,0,"a"
"2951",0,1,"a"
"2952",1,0,"b"
"2953",1,0,"b"
"2954",1,1,"c"
"2955",1,1,"a"
"2956",1,1,"c"
"2957",1,1,"a"
"2958",1,0,"a"
"2959",1,0,"a"
"2960",0,1,"a"
"2961",1,1,"a"
"2962",1,1,"c"
"2963",1,1,"b"
"2964",1,0,"a"
"2965",1,1,"c"
"2966",1,0,"a"
"2967",1,1,"b"
"2968",1,0,"a"
"2969",1,1,"b"
"2970",1,0,"b"
"2971",1,0,"c"
"2972",1,0,"b"
"2973",1,0,"c"
"2974",1,0,"a"
"2975",1,1,"c"
"2976",1,1,"c"
"2977",1,0,"b"
"2978",0,1,"a"
"2979",1,1,"a"
"2980",1,1,"b"
"2981",0,0,"c"
"2982",1,0,"c"
"2983",1,1,"b"
"2984",1,0,"c"
"2985",1,0,"c"
"2986",0,1,"a"
"2987",0,0,"c"
"2988",0,0,"b"
"2989",1,1,"b"
"2990",1,0,"c"
"2991",0,1,"a"
"2992",1,1,"c"
"2993",1,1,"b"
"2994",1,1,"a"
"2995",1,0,"c"
"2996",1,1,"a"
"2997",1,1,"c"
"2998",1,0,"c"
"2999",1,0,"a"
"3000",1,1,"a"
"3001",1,1,"a"
"3002",1,0,"c"
"3003",1,1,"c"
"3004",1,0,"c"
"3005",1,1,"c"
"3006",1,1,"a"
"3007",1,1,"a"
"3008",1,1,"a"
"3009",1,0,"b"
"3010",1,1,"c"
"3011",1,1,"a"
"3012",1,0,"c"
"3013",1,0,"c"
"3014",1,0,"c"
"3015",0,0,"a"
"3016",1,1,"c"
"3017",1,1,"b"
"3018",1,0,"c"
"3019",0,0,"c"
"3020",1,0,"b"
"3021",1,0,"c"
"3022",1,0,"c"
"3023",1,0,"c"
"3024",1,1,"a"
"3025",1,0,"c"
"3026",0,0,"b"
"3027",1,1,"a"
"3028",1,1,"a"
"3029",0,1,"a"
"3030",1,0,"a"
"3031",1,1,"c"
"3032",1,0,"c"
"3033",0,1,"a"
"3034",1,0,"c"
"3035",0,0,"b"
"3036",1,0,"c"
"3037",1,0,"c"
"3038",1,0,"b"
"3039",0,0,"b"
"3040",1,1,"a"
"3041",1,1,"b"
"3042",0,0,"c"
"3043",1,0,"b"
"3044",1,1,"a"
"3045",1,1,"b"
"3046",1,1,"a"
"3047",0,1,"b"
"3048",1,1,"b"
"3049",1,0,"b"
"3050",0,0,"c"
"3051",1,1,"a"
"3052",1,0,"b"
"3053",1,1,"b"
"3054",1,1,"c"
"3055",0,0,"a"
"3056",1,1,"c"
"3057",1,0,"c"
"3058",1,1,"b"
"3059",0,0,"b"
"3060",1,1,"b"
"3061",1,0,"c"
"3062",1,1,"c"
"3063",0,1,"a"
"3064",1,0,"b"
"3065",1,0,"b"
"3066",1,0,"a"
"3067",0,0,"c"
"3068",1,1,"a"
"3069",1,0,"c"
"3070",1,0,"a"
"3071",1,1,"c"
"3072",1,1,"b"
"3073",1,1,"c"
"3074",0,0,"a"
"3075",1,1,"a"
"3076",1,1,"c"
"3077",0,0,"b"
"3078",1,0,"c"
"3079",1,1,"a"
"3080",1,0,"b"
"3081",0,0,"b"
"3082",1,1,"a"
"3083",1,1,"b"
"3084",1,1,"a"
"3085",0,0,"b"
"3086",1,0,"b"
"3087",1,1,"b"
"3088",1,0,"c"
"3089",0,0,"a"
"3090",1,0,"a"
"3091",1,0,"a"
"3092",1,1,"a"
"3093",1,0,"a"
"3094",1,0,"a"
"3095",1,1,"c"
"3096",1,0,"a"
"3097",1,0,"b"
"3098",1,0,"a"
"3099",1,0,"c"
"3100",1,0,"c"
"3101",0,0,"b"
"3102",1,1,"a"
"3103",1,0,"c"
"3104",1,1,"a"
"3105",1,0,"a"
"3106",0,0,"a"
"3107",0,0,"c"
"3108",1,1,"b"
"3109",1,1,"b"
"3110",1,1,"a"
"3111",1,1,"b"
"3112",1,1,"b"
"3113",1,0,"c"
"3114",1,1,"a"
"3115",0,0,"a"
"3116",1,1,"a"
"3117",0,1,"a"
"3118",0,0,"c"
"3119",1,0,"b"
"3120",0,1,"a"
"3121",1,0,"b"
"3122",1,0,"a"
"3123",1,0,"b"
"3124",1,0,"a"
"3125",1,1,"b"
"3126",1,0,"c"
"3127",1,0,"c"
"3128",1,1,"b"
"3129",1,0,"b"
"3130",0,1,"a"
"3131",0,0,"a"
"3132",1,1,"b"
"3133",0,1,"a"
"3134",1,1,"c"
"3135",0,0,"b"
"3136",1,1,"c"
"3137",1,1,"b"
"3138",1,1,"a"
"3139",1,1,"c"
"3140",1,0,"c"
"3141",1,0,"b"
"3142",0,0,"a"
"3143",1,1,"a"
"3144",1,0,"b"
"3145",1,1,"b"
"3146",1,0,"b"
"3147",1,0,"b"
"3148",1,0,"b"
"3149",1,0,"a"
"3150",0,0,"a"
"3151",1,1,"c"
"3152",0,0,"b"
"3153",1,1,"c"
"3154",0,1,"a"
"3155",1,1,"a"
"3156",1,1,"b"
"3157",1,1,"b"
"3158",1,0,"c"
"3159",0,0,"a"
"3160",1,1,"c"
"3161",1,1,"c"
"3162",0,0,"a"
"3163",1,1,"b"
"3164",1,0,"c"
"3165",1,1,"c"
"3166",0,0,"c"
"3167",1,0,"c"
"3168",1,0,"c"
"3169",1,0,"c"
"3170",1,0,"a"
"3171",0,0,"c"
"3172",1,1,"c"
"3173",0,0,"b"
"3174",0,0,"a"
"3175",1,0,"b"
"3176",0,1,"c"
"3177",1,1,"c"
"3178",1,0,"a"
"3179",1,1,"a"
"3180",1,1,"b"
"3181",1,0,"a"
"3182",1,0,"b"
"3183",1,0,"a"
"3184",1,0,"c"
"3185",0,0,"a"
"3186",1,0,"b"
"3187",1,1,"b"
"3188",1,1,"a"
"3189",1,0,"c"
"3190",1,0,"c"
"3191",1,1,"c"
"3192",1,1,"c"
"3193",1,1,"c"
"3194",0,1,"a"
"3195",1,1,"b"
"3196",0,0,"c"
"3197",0,0,"b"
"3198",0,0,"b"
"3199",0,0,"b"
"3200",0,0,"c"
"3201",1,0,"c"
"3202",1,1,"b"
"3203",0,1,"a"
"3204",1,0,"c"
"3205",1,0,"b"
"3206",1,1,"b"
"3207",1,1,"a"
"3208",1,1,"b"
"3209",0,1,"c"
"3210",1,0,"c"
"3211",1,1,"c"
"3212",1,0,"a"
"3213",1,1,"c"
"3214",1,1,"b"
"3215",1,1,"a"
"3216",1,1,"a"
"3217",1,1,"c"
"3218",1,1,"b"
"3219",0,0,"a"
"3220",0,1,"b"
"3221",0,0,"b"
"3222",1,0,"b"
"3223",1,0,"c"
"3224",1,0,"a"
"3225",1,0,"c"
"3226",1,1,"b"
"3227",1,1,"a"
"3228",1,1,"a"
"3229",0,0,"b"
"3230",1,1,"b"
"3231",0,1,"b"
"3232",1,1,"c"
"3233",0,0,"a"
"3234",0,1,"a"
"3235",1,1,"b"
"3236",0,0,"b"
"3237",1,0,"b"
"3238",1,1,"b"
"3239",0,0,"b"
"3240",0,0,"c"
"3241",1,0,"c"
"3242",1,0,"a"
"3243",1,0,"a"
"3244",1,0,"c"
"3245",1,1,"c"
"3246",1,1,"b"
"3247",1,1,"c"
"3248",0,1,"a"
"3249",0,0,"a"
"3250",1,0,"c"
"3251",1,1,"c"
"3252",1,1,"a"
"3253",0,1,"a"
"3254",1,1,"c"
"3255",0,1,"a"
"3256",1,1,"c"
"3257",0,0,"a"
"3258",0,0,"a"
"3259",0,0,"a"
"3260",1,1,"c"
"3261",1,1,"b"
"3262",1,0,"b"
"3263",1,1,"b"
"3264",0,0,"c"
"3265",1,1,"a"
"3266",1,1,"c"
"3267",1,0,"a"
"3268",1,1,"c"
"3269",1,0,"a"
"3270",1,1,"b"
"3271",1,1,"a"
"3272",1,0,"c"
"3273",1,0,"b"
"3274",1,1,"a"
"3275",0,1,"a"
"3276",0,0,"a"
"3277",1,0,"b"
"3278",1,1,"b"
"3279",0,0,"a"
"3280",1,1,"a"
"3281",1,1,"c"
"3282",1,1,"b"
"3283",1,1,"a"
"3284",1,0,"b"
"3285",1,1,"a"
"3286",1,1,"a"
"3287",1,0,"c"
"3288",1,0,"b"
"3289",1,1,"b"
"3290",1,1,"c"
"3291",1,1,"a"
"3292",1,1,"c"
"3293",1,1,"c"
"3294",0,0,"a"
"3295",1,0,"a"
"3296",1,1,"b"
"3297",1,0,"a"
"3298",1,0,"b"
"3299",0,0,"b"
"3300",0,0,"b"
"3301",1,1,"c"
"3302",1,1,"a"
"3303",1,0,"a"
"3304",1,0,"c"
"3305",1,0,"b"
"3306",0,1,"a"
"3307",0,0,"b"
"3308",1,0,"b"
"3309",1,1,"c"
"3310",1,0,"a"
"3311",1,0,"b"
"3312",0,0,"c"
"3313",1,1,"a"
"3314",0,1,"a"
"3315",1,0,"a"
"3316",1,0,"b"
"3317",1,0,"c"
"3318",1,1,"c"
"3319",1,1,"c"
"3320",1,1,"a"
"3321",1,1,"c"
"3322",1,1,"c"
"3323",1,0,"c"
"3324",1,1,"c"
"3325",1,1,"b"
"3326",0,0,"a"
"3327",0,0,"a"
"3328",1,0,"c"
"3329",1,0,"c"
"3330",0,0,"a"
"3331",1,1,"a"
"3332",0,1,"a"
"3333",0,0,"a"
"3334",1,1,"a"
"3335",1,1,"c"
"3336",1,0,"c"
"3337",1,1,"b"
"3338",1,1,"a"
"3339",1,0,"c"
"3340",1,0,"a"
"3341",0,0,"a"
"3342",1,1,"a"
"3343",0,1,"b"
"3344",1,0,"b"
"3345",1,1,"b"
"3346",1,0,"b"
"3347",1,1,"c"
"3348",1,0,"c"
"3349",1,1,"a"
"3350",1,0,"c"
"3351",0,1,"b"
"3352",1,0,"a"
"3353",1,0,"c"
"3354",1,0,"a"
"3355",1,0,"a"
"3356",1,1,"b"
"3357",1,0,"b"
"3358",1,0,"a"
"3359",1,1,"c"
"3360",1,0,"a"
"3361",0,0,"a"
"3362",1,0,"b"
"3363",1,0,"c"
"3364",1,1,"b"
"3365",1,0,"a"
"3366",1,1,"b"
"3367",1,1,"c"
"3368",1,1,"a"
"3369",1,0,"a"
"3370",1,1,"c"
"3371",0,0,"a"
"3372",0,1,"a"
"3373",1,1,"c"
"3374",1,1,"c"
"3375",0,0,"a"
"3376",1,1,"b"
"3377",1,1,"c"
"3378",1,1,"a"
"3379",0,1,"c"
"3380",0,0,"c"
"3381",1,1,"c"
"3382",1,0,"a"
"3383",1,1,"c"
"3384",1,1,"c"
"3385",1,1,"c"
"3386",0,0,"b"
"3387",1,0,"b"
"3388",1,0,"b"
"3389",1,0,"c"
"3390",1,1,"a"
"3391",1,0,"a"
"3392",1,0,"c"
"3393",1,0,"c"
"3394",1,0,"a"
"3395",1,0,"a"
"3396",1,0,"c"
"3397",1,1,"c"
"3398",1,1,"b"
"3399",1,1,"c"
"3400",1,0,"b"
"3401",1,1,"c"
"3402",0,0,"c"
"3403",1,0,"c"
"3404",1,1,"b"
"3405",1,0,"a"
"3406",1,1,"c"
"3407",0,0,"a"
"3408",0,0,"a"
"3409",1,1,"b"
"3410",1,0,"b"
"3411",0,0,"a"
"3412",0,0,"c"
"3413",1,1,"a"
"3414",1,0,"c"
"3415",1,1,"a"
"3416",0,0,"a"
"3417",1,0,"c"
"3418",0,1,"a"
"3419",1,1,"a"
"3420",0,0,"a"
"3421",1,0,"c"
"3422",1,1,"c"
"3423",0,0,"a"
"3424",1,0,"a"
"3425",1,0,"a"
"3426",0,0,"c"
"3427",1,1,"a"
"3428",0,1,"a"
"3429",1,0,"c"
"3430",0,0,"a"
"3431",1,1,"c"
"3432",1,1,"b"
"3433",1,0,"a"
"3434",1,0,"b"
"3435",1,0,"c"
"3436",1,1,"a"
"3437",1,0,"b"
"3438",1,0,"c"
"3439",1,0,"c"
"3440",0,1,"a"
"3441",1,1,"b"
"3442",1,1,"a"
"3443",1,1,"b"
"3444",1,1,"a"
"3445",1,0,"a"
"3446",1,1,"b"
"3447",1,1,"a"
"3448",1,0,"c"
"3449",1,0,"b"
"3450",1,0,"a"
"3451",0,0,"a"
"3452",1,0,"b"
"3453",1,0,"c"
"3454",1,1,"a"
"3455",1,0,"b"
"3456",0,0,"b"
"3457",1,0,"b"
"3458",1,1,"a"
"3459",1,0,"b"
"3460",1,1,"c"
"3461",1,1,"c"
"3462",1,1,"b"
"3463",1,1,"a"
"3464",0,0,"a"
"3465",0,1,"a"
"3466",1,0,"a"
"3467",1,0,"a"
"3468",1,1,"a"
"3469",0,0,"c"
"3470",1,0,"a"
"3471",1,0,"a"
"3472",1,1,"a"
"3473",1,1,"b"
"3474",1,0,"a"
"3475",1,0,"c"
"3476",1,1,"b"
"3477",1,1,"c"
"3478",1,0,"a"
"3479",1,0,"c"
"3480",1,0,"b"
"3481",1,1,"a"
"3482",1,1,"a"
"3483",1,0,"c"
"3484",1,1,"c"
"3485",1,1,"b"
"3486",1,0,"a"
"3487",1,1,"b"
"3488",1,1,"c"
"3489",1,1,"a"
"3490",1,0,"c"
"3491",0,0,"c"
"3492",1,0,"c"
"3493",1,0,"b"
"3494",1,1,"a"
"3495",1,0,"a"
"3496",0,0,"c"
"3497",1,1,"c"
"3498",1,0,"c"
"3499",1,1,"b"
"3500",1,0,"a"
"3501",0,0,"b"
"3502",1,1,"b"
"3503",1,1,"c"
"3504",1,0,"a"
"3505",1,0,"c"
"3506",1,1,"b"
"3507",1,0,"a"
"3508",0,0,"a"
"3509",1,1,"a"
"3510",0,0,"b"
"3511",1,1,"b"
"3512",1,1,"a"
"3513",1,1,"a"
"3514",1,1,"b"
"3515",0,1,"a"
"3516",0,0,"a"
"3517",0,0,"a"
"3518",0,1,"a"
"3519",1,0,"c"
"3520",1,1,"b"
"3521",1,0,"c"
"3522",1,0,"c"
"3523",1,0,"c"
"3524",1,1,"c"
"3525",0,1,"b"
"3526",1,1,"c"
"3527",1,1,"b"
"3528",1,1,"a"
"3529",1,0,"a"
"3530",1,0,"a"
"3531",1,0,"b"
"3532",1,0,"c"
"3533",1,0,"b"
"3534",1,0,"c"
"3535",1,1,"c"
"3536",1,1,"a"
"3537",1,1,"b"
"3538",1,0,"a"
"3539",1,0,"b"
"3540",1,0,"c"
"3541",1,0,"b"
"3542",0,1,"c"
"3543",1,0,"a"
"3544",0,0,"a"
"3545",0,0,"a"
"3546",1,0,"c"
"3547",1,0,"c"
"3548",1,1,"a"
"3549",1,0,"b"
"3550",1,1,"c"
"3551",0,0,"c"
"3552",0,0,"c"
"3553",0,1,"c"
"3554",1,1,"a"
"3555",1,1,"b"
"3556",1,0,"c"
"3557",1,1,"c"
"3558",1,1,"b"
"3559",1,0,"c"
"3560",1,1,"c"
"3561",1,1,"c"
"3562",1,1,"c"
"3563",1,0,"c"
"3564",1,0,"b"
"3565",1,0,"c"
"3566",0,1,"a"
"3567",1,1,"b"
"3568",1,1,"c"
"3569",1,1,"c"
"3570",1,1,"c"
"3571",1,0,"c"
"3572",0,0,"b"
"3573",1,0,"b"
"3574",1,1,"c"
"3575",1,0,"b"
"3576",0,0,"b"
"3577",1,1,"b"
"3578",1,1,"c"
"3579",1,1,"b"
"3580",1,1,"b"
"3581",0,1,"c"
"3582",1,1,"b"
"3583",0,1,"a"
"3584",1,1,"c"
"3585",1,0,"c"
"3586",1,0,"c"
"3587",0,0,"c"
"3588",1,1,"a"
"3589",1,1,"c"
"3590",1,1,"b"
"3591",1,1,"c"
"3592",1,1,"c"
"3593",1,1,"a"
"3594",1,1,"c"
"3595",1,0,"c"
"3596",1,0,"c"
"3597",1,0,"a"
"3598",0,1,"a"
"3599",1,1,"b"
"3600",1,0,"b"
"3601",1,0,"c"
"3602",1,0,"b"
"3603",0,1,"b"
"3604",1,0,"a"
"3605",1,0,"b"
"3606",1,1,"a"
"3607",1,0,"c"
"3608",1,1,"b"
"3609",0,0,"a"
"3610",0,0,"b"
"3611",1,0,"b"
"3612",1,1,"a"
"3613",1,0,"b"
"3614",1,1,"c"
"3615",1,1,"b"
"3616",1,0,"c"
"3617",1,0,"b"
"3618",1,1,"c"
"3619",1,1,"c"
"3620",1,1,"c"
"3621",1,0,"b"
"3622",1,0,"c"
"3623",1,1,"b"
"3624",1,0,"b"
"3625",1,1,"c"
"3626",1,0,"b"
"3627",0,0,"c"
"3628",0,0,"c"
"3629",1,0,"b"
"3630",1,0,"a"
"3631",1,0,"c"
"3632",0,1,"a"
"3633",1,0,"b"
"3634",1,1,"b"
"3635",0,1,"a"
"3636",1,0,"c"
"3637",1,1,"b"
"3638",1,0,"b"
"3639",0,0,"c"
"3640",1,1,"a"
"3641",0,0,"b"
"3642",1,0,"a"
"3643",0,1,"b"
"3644",1,0,"c"
"3645",0,0,"c"
"3646",1,1,"b"
"3647",1,1,"c"
"3648",1,0,"a"
"3649",1,0,"a"
"3650",1,0,"c"
"3651",1,0,"a"
"3652",1,1,"b"
"3653",1,1,"a"
"3654",1,0,"c"
"3655",1,0,"c"
"3656",1,0,"b"
"3657",1,1,"b"
"3658",0,1,"b"
"3659",1,0,"c"
"3660",1,1,"b"
"3661",1,1,"b"
"3662",0,0,"c"
"3663",1,0,"b"
"3664",1,0,"c"
"3665",0,1,"a"
"3666",1,0,"c"
"3667",0,0,"a"
"3668",1,1,"a"
"3669",0,0,"b"
"3670",1,0,"b"
"3671",1,1,"b"
"3672",0,1,"a"
"3673",1,1,"b"
"3674",1,0,"c"
"3675",1,1,"a"
"3676",1,0,"c"
"3677",1,1,"a"
"3678",0,0,"a"
"3679",1,0,"b"
"3680",1,1,"b"
"3681",1,1,"b"
"3682",1,0,"c"
"3683",1,0,"c"
"3684",0,1,"a"
"3685",1,0,"a"
"3686",1,1,"c"
"3687",1,0,"c"
"3688",1,1,"b"
"3689",1,1,"b"
"3690",1,0,"b"
"3691",0,0,"a"
"3692",0,0,"a"
"3693",1,1,"a"
"3694",1,1,"b"
"3695",1,1,"c"
"3696",1,0,"a"
"3697",1,1,"b"
"3698",0,0,"b"
"3699",1,1,"a"
"3700",0,0,"a"
"3701",1,0,"a"
"3702",1,0,"b"
"3703",0,1,"a"
"3704",0,0,"b"
"3705",1,0,"c"
"3706",0,0,"c"
"3707",1,0,"a"
"3708",0,0,"c"
"3709",0,0,"a"
"3710",0,0,"b"
"3711",1,1,"c"
"3712",1,1,"a"
"3713",0,1,"a"
"3714",1,1,"b"
"3715",1,1,"c"
"3716",0,1,"c"
"3717",1,0,"b"
"3718",0,0,"c"
"3719",1,1,"a"
"3720",0,0,"a"
"3721",1,0,"c"
"3722",1,1,"c"
"3723",1,0,"b"
"3724",1,1,"c"
"3725",1,1,"b"
"3726",1,1,"a"
"3727",1,1,"a"
"3728",1,1,"b"
"3729",1,0,"b"
"3730",1,0,"c"
"3731",1,0,"c"
"3732",1,0,"b"
"3733",1,1,"c"
"3734",1,0,"a"
"3735",0,0,"a"
"3736",0,0,"a"
"3737",1,0,"c"
"3738",1,0,"b"
"3739",0,0,"a"
"3740",1,1,"b"
"3741",0,0,"a"
"3742",1,0,"b"
"3743",0,1,"a"
"3744",1,1,"b"
"3745",1,1,"a"
"3746",1,0,"a"
"3747",1,1,"b"
"3748",1,0,"b"
"3749",1,0,"b"
"3750",0,0,"a"
"3751",1,0,"c"
"3752",1,1,"c"
"3753",1,0,"b"
"3754",1,1,"b"
"3755",1,1,"b"
"3756",0,1,"b"
"3757",1,1,"a"
"3758",1,1,"a"
"3759",1,0,"c"
"3760",1,1,"a"
"3761",1,1,"b"
"3762",1,0,"c"
"3763",1,0,"b"
"3764",1,1,"c"
"3765",0,0,"c"
"3766",1,1,"c"
"3767",0,0,"a"
"3768",1,1,"b"
"3769",0,0,"b"
"3770",1,0,"c"
"3771",1,1,"c"
"3772",1,0,"c"
"3773",1,0,"b"
"3774",1,1,"a"
"3775",1,0,"c"
"3776",1,0,"a"
"3777",1,1,"a"
"3778",0,0,"a"
"3779",0,1,"a"
"3780",1,1,"b"
"3781",1,0,"b"
"3782",1,0,"b"
"3783",0,0,"a"
"3784",1,0,"a"
"3785",0,0,"b"
"3786",0,0,"b"
"3787",1,1,"a"
"3788",0,1,"c"
"3789",0,1,"a"
"3790",1,0,"b"
"3791",1,1,"c"
"3792",1,0,"c"
"3793",1,1,"b"
"3794",1,1,"b"
"3795",1,0,"c"
"3796",1,1,"b"
"3797",1,0,"b"
"3798",1,1,"a"
"3799",1,1,"c"
"3800",0,0,"c"
"3801",0,1,"a"
"3802",1,1,"c"
"3803",1,0,"c"
"3804",1,0,"c"
"3805",1,1,"a"
"3806",1,1,"b"
"3807",1,0,"b"
"3808",1,0,"b"
"3809",1,1,"c"
"3810",0,0,"c"
"3811",1,0,"c"
"3812",1,1,"c"
"3813",1,0,"a"
"3814",1,0,"b"
"3815",1,0,"b"
"3816",1,0,"b"
"3817",1,0,"b"
"3818",1,1,"a"
"3819",1,0,"c"
"3820",1,1,"c"
"3821",1,1,"c"
"3822",1,1,"b"
"3823",1,1,"b"
"3824",1,1,"c"
"3825",1,1,"a"
"3826",0,0,"a"
"3827",1,0,"c"
"3828",1,0,"a"
"3829",0,0,"a"
"3830",1,1,"b"
"3831",0,0,"a"
"3832",1,1,"c"
"3833",1,0,"c"
"3834",1,0,"c"
"3835",1,0,"c"
"3836",1,1,"b"
"3837",1,1,"a"
"3838",1,1,"c"
"3839",1,0,"a"
"3840",1,1,"c"
"3841",1,0,"c"
"3842",1,1,"c"
"3843",0,1,"a"
"3844",0,1,"a"
"3845",1,1,"c"
"3846",1,1,"b"
"3847",1,1,"c"
"3848",1,1,"c"
"3849",0,1,"a"
"3850",1,1,"b"
"3851",1,1,"c"
"3852",1,1,"c"
"3853",1,0,"b"
"3854",1,1,"b"
"3855",1,1,"b"
"3856",0,0,"b"
"3857",1,0,"c"
"3858",1,0,"a"
"3859",1,0,"b"
"3860",1,0,"a"
"3861",1,1,"c"
"3862",0,0,"a"
"3863",1,0,"c"
"3864",1,1,"b"
"3865",0,1,"b"
"3866",1,0,"b"
"3867",1,1,"c"
"3868",1,1,"b"
"3869",1,1,"a"
"3870",1,1,"b"
"3871",1,1,"a"
"3872",1,0,"b"
"3873",1,1,"c"
"3874",1,1,"c"
"3875",1,1,"a"
"3876",1,1,"c"
"3877",1,1,"c"
"3878",1,0,"b"
"3879",1,0,"b"
"3880",0,0,"b"
"3881",1,0,"b"
"3882",0,0,"b"
"3883",1,1,"b"
"3884",1,1,"c"
"3885",1,1,"a"
"3886",1,1,"a"
"3887",1,0,"c"
"3888",1,1,"a"
"3889",1,1,"b"
"3890",1,1,"b"
"3891",1,1,"c"
"3892",0,1,"a"
"3893",1,0,"b"
"3894",1,1,"a"
"3895",1,1,"c"
"3896",0,1,"a"
"3897",0,0,"a"
"3898",0,0,"a"
"3899",1,1,"c"
"3900",0,0,"a"
"3901",1,0,"c"
"3902",1,0,"b"
"3903",0,0,"b"
"3904",1,0,"b"
"3905",1,0,"b"
"3906",0,1,"a"
"3907",0,0,"a"
"3908",1,0,"c"
"3909",1,1,"c"
"3910",1,1,"b"
"3911",1,1,"c"
"3912",0,0,"b"
"3913",1,1,"b"
"3914",1,0,"c"
"3915",1,0,"b"
"3916",0,1,"b"
"3917",1,1,"a"
"3918",0,0,"a"
"3919",1,1,"a"
"3920",0,1,"a"
"3921",1,1,"b"
"3922",1,1,"b"
"3923",1,1,"a"
"3924",1,1,"b"
"3925",1,0,"b"
"3926",1,1,"a"
"3927",1,1,"c"
"3928",0,0,"a"
"3929",1,1,"c"
"3930",1,1,"b"
"3931",0,0,"a"
"3932",1,0,"a"
"3933",1,1,"b"
"3934",0,1,"b"
"3935",1,0,"a"
"3936",1,0,"b"
"3937",1,1,"b"
"3938",1,0,"c"
"3939",1,0,"c"
"3940",0,0,"a"
"3941",0,0,"a"
"3942",1,0,"c"
"3943",0,1,"b"
"3944",1,0,"b"
"3945",1,1,"c"
"3946",1,0,"a"
"3947",0,1,"c"
"3948",1,0,"b"
"3949",1,1,"b"
"3950",1,1,"b"
"3951",1,1,"b"
"3952",1,1,"a"
"3953",1,0,"a"
"3954",0,1,"a"
"3955",1,1,"a"
"3956",1,0,"a"
"3957",1,1,"b"
"3958",1,1,"b"
"3959",0,1,"a"
"3960",1,0,"c"
"3961",1,0,"c"
"3962",1,1,"b"
"3963",1,1,"b"
"3964",1,1,"a"
"3965",0,0,"a"
"3966",1,0,"c"
"3967",0,0,"c"
"3968",1,1,"c"
"3969",0,0,"a"
"3970",1,0,"a"
"3971",1,1,"b"
"3972",1,0,"a"
"3973",1,1,"b"
"3974",1,1,"c"
"3975",1,1,"c"
"3976",0,0,"b"
"3977",1,1,"a"
"3978",1,1,"b"
"3979",0,1,"b"
"3980",1,1,"c"
"3981",1,0,"c"
"3982",0,0,"a"
"3983",1,1,"b"
"3984",1,1,"c"
"3985",1,1,"c"
"3986",1,1,"b"
"3987",1,0,"b"
"3988",0,1,"a"
"3989",0,0,"b"
"3990",1,1,"c"
"3991",0,0,"b"
"3992",1,0,"b"
"3993",1,0,"c"
"3994",1,1,"b"
"3995",0,1,"a"
"3996",1,0,"b"
"3997",1,1,"c"
"3998",1,0,"b"
"3999",1,1,"b"
"4000",1,0,"b"
"4001",1,1,"b"
"4002",1,1,"c"
"4003",1,1,"c"
"4004",0,1,"b"
"4005",0,0,"a"
"4006",1,0,"c"
"4007",1,1,"a"
"4008",1,0,"c"
"4009",1,1,"a"
"4010",1,0,"c"
"4011",0,0,"a"
"4012",1,1,"a"
"4013",1,0,"b"
"4014",1,1,"b"
"4015",1,1,"b"
"4016",1,0,"c"
"4017",1,0,"c"
"4018",1,0,"a"
"4019",0,0,"a"
"4020",1,1,"c"
"4021",1,1,"c"
"4022",1,0,"b"
"4023",0,1,"b"
"4024",0,0,"a"
"4025",1,1,"b"
"4026",0,0,"c"
"4027",1,1,"b"
"4028",1,1,"c"
"4029",0,0,"b"
"4030",0,1,"a"
"4031",1,0,"b"
"4032",0,0,"b"
"4033",1,1,"a"
"4034",1,1,"c"
"4035",0,0,"c"
"4036",1,1,"b"
"4037",1,0,"b"
"4038",1,0,"c"
"4039",1,1,"a"
"4040",1,1,"b"
"4041",1,0,"c"
"4042",1,1,"c"
"4043",1,0,"b"
"4044",1,1,"a"
"4045",1,0,"c"
"4046",1,1,"c"
"4047",1,0,"c"
"4048",1,0,"b"
"4049",1,1,"c"
"4050",1,0,"c"
"4051",0,1,"a"
"4052",1,0,"a"
"4053",1,0,"b"
"4054",0,0,"a"
"4055",1,1,"c"
"4056",1,0,"a"
"4057",1,0,"c"
"4058",1,1,"a"
"4059",1,1,"b"
"4060",1,1,"a"
"4061",1,1,"a"
"4062",1,0,"a"
"4063",1,0,"c"
"4064",0,0,"c"
"4065",0,1,"b"
"4066",1,1,"c"
"4067",1,0,"c"
"4068",0,0,"a"
"4069",1,0,"a"
"4070",1,1,"b"
"4071",1,1,"b"
"4072",1,0,"a"
"4073",0,0,"b"
"4074",1,0,"b"
"4075",1,0,"b"
"4076",1,1,"b"
"4077",1,0,"a"
"4078",1,0,"c"
"4079",1,0,"a"
"4080",1,1,"c"
"4081",1,0,"a"
"4082",1,1,"c"
"4083",1,0,"c"
"4084",1,1,"b"
"4085",0,1,"a"
"4086",1,0,"b"
"4087",1,0,"c"
"4088",1,0,"b"
"4089",0,0,"b"
"4090",1,1,"c"
"4091",1,0,"c"
"4092",1,0,"c"
"4093",1,0,"c"
"4094",1,0,"b"
"4095",1,1,"b"
"4096",1,1,"c"
"4097",0,1,"a"
"4098",1,1,"c"
"4099",1,1,"c"
"4100",0,1,"a"
"4101",1,0,"b"
"4102",0,0,"c"
"4103",1,1,"b"
"4104",1,1,"c"
"4105",1,1,"c"
"4106",1,0,"c"
"4107",1,0,"b"
"4108",1,0,"c"
"4109",0,0,"b"
"4110",1,1,"c"
"4111",1,1,"a"
"4112",0,1,"a"
"4113",0,0,"a"
"4114",0,0,"c"
"4115",1,1,"b"
"4116",0,0,"c"
"4117",1,0,"b"
"4118",1,1,"c"
"4119",1,1,"c"
"4120",1,0,"b"
"4121",1,0,"b"
"4122",1,1,"b"
"4123",1,0,"c"
"4124",1,1,"c"
"4125",0,1,"a"
"4126",1,1,"c"
"4127",1,1,"b"
"4128",1,0,"b"
"4129",0,0,"b"
"4130",0,1,"a"
"4131",1,1,"c"
"4132",1,0,"b"
"4133",1,0,"b"
"4134",1,1,"a"
"4135",1,0,"a"
"4136",0,1,"a"
"4137",1,1,"b"
"4138",1,1,"c"
"4139",1,1,"c"
"4140",1,0,"a"
"4141",1,0,"b"
"4142",1,0,"c"
"4143",1,1,"c"
"4144",1,0,"c"
"4145",1,0,"a"
"4146",1,1,"c"
"4147",0,0,"a"
"4148",1,0,"c"
"4149",1,0,"b"
"4150",0,0,"a"
"4151",1,1,"c"
"4152",1,0,"b"
"4153",1,0,"a"
"4154",1,1,"b"
"4155",1,0,"b"
"4156",1,1,"b"
"4157",1,0,"a"
"4158",1,1,"c"
"4159",0,1,"b"
"4160",1,0,"c"
"4161",0,1,"b"
"4162",1,0,"c"
"4163",1,1,"c"
"4164",1,1,"b"
"4165",1,0,"c"
"4166",1,1,"b"
"4167",1,1,"a"
"4168",1,1,"b"
"4169",0,0,"b"
"4170",1,1,"c"
"4171",1,0,"a"
"4172",1,1,"a"
"4173",1,0,"b"
"4174",1,1,"b"
"4175",0,1,"a"
"4176",1,1,"c"
"4177",1,0,"b"
"4178",1,1,"a"
"4179",0,1,"a"
"4180",1,0,"a"
"4181",1,0,"b"
"4182",1,0,"a"
"4183",1,1,"b"
"4184",1,1,"a"
"4185",0,1,"c"
"4186",0,0,"b"
"4187",0,0,"a"
"4188",1,1,"b"
"4189",1,0,"a"
"4190",1,0,"c"
"4191",1,0,"a"
"4192",1,0,"a"
"4193",0,0,"a"
"4194",1,1,"b"
"4195",1,1,"b"
"4196",1,0,"c"
"4197",0,1,"a"
"4198",1,1,"b"
"4199",1,0,"c"
"4200",0,1,"a"
"4201",1,1,"b"
"4202",0,0,"c"
"4203",0,0,"b"
"4204",1,0,"a"
"4205",1,1,"b"
"4206",1,1,"a"
"4207",1,0,"c"
"4208",1,0,"c"
"4209",1,1,"b"
"4210",0,0,"b"
"4211",0,0,"c"
"4212",0,1,"a"
"4213",1,1,"c"
"4214",0,0,"a"
"4215",1,0,"b"
"4216",0,0,"b"
"4217",1,0,"c"
"4218",1,1,"c"
"4219",0,1,"a"
"4220",1,1,"a"
"4221",0,0,"a"
"4222",1,1,"c"
"4223",0,0,"c"
"4224",1,0,"c"
"4225",1,1,"a"
"4226",0,0,"b"
"4227",0,1,"a"
"4228",1,0,"c"
"4229",0,0,"c"
"4230",1,1,"a"
"4231",1,0,"a"
"4232",1,1,"c"
"4233",0,1,"c"
"4234",1,0,"b"
"4235",0,1,"a"
"4236",0,1,"a"
"4237",1,0,"b"
"4238",1,0,"b"
"4239",1,1,"a"
"4240",1,1,"b"
"4241",0,1,"a"
"4242",1,1,"b"
"4243",1,0,"a"
"4244",1,0,"a"
"4245",0,1,"a"
"4246",1,0,"b"
"4247",1,0,"a"
"4248",1,1,"c"
"4249",0,0,"a"
"4250",1,0,"b"
"4251",0,0,"b"
"4252",1,1,"b"
"4253",1,1,"c"
"4254",1,1,"b"
"4255",0,0,"a"
"4256",0,0,"a"
"4257",1,1,"b"
"4258",1,1,"c"
"4259",1,1,"b"
"4260",0,0,"a"
"4261",1,0,"c"
"4262",0,0,"a"
"4263",1,0,"a"
"4264",0,1,"a"
"4265",1,0,"a"
"4266",1,1,"b"
"4267",1,0,"c"
"4268",0,1,"a"
"4269",1,1,"c"
"4270",1,1,"c"
"4271",0,0,"c"
"4272",1,1,"c"
"4273",1,1,"b"
"4274",0,1,"b"
"4275",0,0,"c"
"4276",0,0,"c"
"4277",1,1,"b"
"4278",1,1,"a"
"4279",0,0,"a"
"4280",1,1,"c"
"4281",1,0,"c"
"4282",1,1,"c"
"4283",1,0,"a"
"4284",1,1,"c"
"4285",1,0,"a"
"4286",0,0,"a"
"4287",1,1,"c"
"4288",1,0,"c"
"4289",0,1,"a"
"4290",1,1,"c"
"4291",1,0,"a"
"4292",1,1,"a"
"4293",1,0,"b"
"4294",1,1,"c"
"4295",1,1,"c"
"4296",1,0,"a"
"4297",1,0,"b"
"4298",0,0,"a"
"4299",1,0,"c"
"4300",1,1,"b"
"4301",1,1,"b"
"4302",1,0,"c"
"4303",1,1,"a"
"4304",1,0,"a"
"4305",1,1,"a"
"4306",1,0,"a"
"4307",1,1,"c"
"4308",1,1,"c"
"4309",1,1,"b"
"4310",1,1,"c"
"4311",1,0,"a"
"4312",1,1,"c"
"4313",1,0,"a"
"4314",0,0,"c"
"4315",1,1,"b"
"4316",0,0,"a"
"4317",1,1,"b"
"4318",0,0,"c"
"4319",1,0,"b"
"4320",0,0,"a"
"4321",1,0,"c"
"4322",1,0,"c"
"4323",0,1,"a"
"4324",1,1,"c"
"4325",1,1,"c"
"4326",1,1,"b"
"4327",1,1,"c"
"4328",1,0,"c"
"4329",1,1,"a"
"4330",1,1,"b"
"4331",1,1,"c"
"4332",0,0,"a"
"4333",1,0,"c"
"4334",0,0,"a"
"4335",1,0,"c"
"4336",1,1,"c"
"4337",1,0,"c"
"4338",1,1,"c"
"4339",1,0,"b"
"4340",1,1,"c"
"4341",0,0,"a"
"4342",1,1,"b"
"4343",1,1,"c"
"4344",1,0,"b"
"4345",1,1,"c"
"4346",1,1,"b"
"4347",0,1,"c"
"4348",1,0,"a"
"4349",0,1,"a"
"4350",1,1,"a"
"4351",1,1,"a"
"4352",1,0,"c"
"4353",0,0,"a"
"4354",0,1,"a"
"4355",0,1,"a"
"4356",1,1,"b"
"4357",0,0,"a"
"4358",1,0,"a"
"4359",1,1,"c"
"4360",0,0,"b"
"4361",0,0,"a"
"4362",0,1,"b"
"4363",1,0,"b"
"4364",0,1,"a"
"4365",1,1,"b"
"4366",1,1,"a"
"4367",1,0,"c"
"4368",0,1,"a"
"4369",0,0,"b"
"4370",1,1,"b"
"4371",1,1,"c"
"4372",1,1,"a"
"4373",1,0,"a"
"4374",1,1,"c"
"4375",1,0,"c"
"4376",1,0,"b"
"4377",0,0,"c"
"4378",0,0,"a"
"4379",1,1,"c"
"4380",1,1,"c"
"4381",1,0,"c"
"4382",1,1,"a"
"4383",1,1,"c"
"4384",1,0,"c"
"4385",1,0,"b"
"4386",0,0,"c"
"4387",1,1,"c"
"4388",1,0,"a"
"4389",1,0,"b"
"4390",1,1,"a"
"4391",1,1,"b"
"4392",1,1,"a"
"4393",1,1,"b"
"4394",0,1,"c"
"4395",1,0,"b"
"4396",0,0,"a"
"4397",1,0,"c"
"4398",1,1,"b"
"4399",1,1,"a"
"4400",1,1,"c"
"4401",1,0,"c"
"4402",0,1,"a"
"4403",1,0,"c"
"4404",1,1,"b"
"4405",1,1,"a"
"4406",0,0,"a"
"4407",1,0,"c"
"4408",1,1,"b"
"4409",1,1,"b"
"4410",0,0,"b"
"4411",1,1,"c"
"4412",1,0,"c"
"4413",1,0,"c"
"4414",1,0,"c"
"4415",1,1,"b"
"4416",1,0,"a"
"4417",0,0,"a"
"4418",1,0,"a"
"4419",1,0,"a"
"4420",1,0,"a"
"4421",1,1,"c"
"4422",0,0,"c"
"4423",1,1,"b"
"4424",1,1,"b"
"4425",0,0,"c"
"4426",1,0,"c"
"4427",1,1,"b"
"4428",1,0,"c"
"4429",1,1,"b"
"4430",0,1,"c"
"4431",0,0,"c"
"4432",1,1,"b"
"4433",0,0,"c"
"4434",1,1,"b"
"4435",1,0,"b"
"4436",1,0,"a"
"4437",1,0,"c"
"4438",1,1,"b"
"4439",1,0,"b"
"4440",1,1,"b"
"4441",1,1,"a"
"4442",1,1,"b"
"4443",1,1,"b"
"4444",1,0,"b"
"4445",1,0,"c"
"4446",1,1,"a"
"4447",1,0,"c"
"4448",0,0,"a"
"4449",1,0,"c"
"4450",1,0,"c"
"4451",1,0,"c"
"4452",1,1,"b"
"4453",1,1,"a"
"4454",1,1,"c"
"4455",1,0,"b"
"4456",1,0,"b"
"4457",1,1,"c"
"4458",1,1,"c"
"4459",1,0,"c"
"4460",1,1,"c"
"4461",1,0,"a"
"4462",1,1,"c"
"4463",1,0,"c"
"4464",0,0,"c"
"4465",1,0,"b"
"4466",0,1,"b"
"4467",1,1,"a"
"4468",1,1,"b"
"4469",1,0,"c"
"4470",1,0,"b"
"4471",1,1,"a"
"4472",1,0,"b"
"4473",0,1,"a"
"4474",1,0,"b"
"4475",1,0,"a"
"4476",0,1,"a"
"4477",1,0,"b"
"4478",1,0,"a"
"4479",1,1,"b"
"4480",1,0,"a"
"4481",0,0,"a"
"4482",1,1,"c"
"4483",1,0,"c"
"4484",1,0,"c"
"4485",0,0,"a"
"4486",1,0,"c"
"4487",1,0,"b"
"4488",1,1,"c"
"4489",1,1,"b"
"4490",1,0,"b"
"4491",1,1,"b"
"4492",1,0,"c"
"4493",1,0,"c"
"4494",1,0,"b"
"4495",1,1,"b"
"4496",1,1,"b"
"4497",1,1,"c"
"4498",1,0,"c"
"4499",0,0,"b"
"4500",1,0,"b"
"4501",1,0,"c"
"4502",0,0,"a"
"4503",1,1,"b"
"4504",0,0,"c"
"4505",1,1,"b"
"4506",1,1,"c"
"4507",1,1,"b"
"4508",1,0,"b"
"4509",1,0,"b"
"4510",1,1,"c"
"4511",1,0,"c"
"4512",1,1,"b"
"4513",1,0,"b"
"4514",1,0,"b"
"4515",1,0,"b"
"4516",1,0,"b"
"4517",1,1,"c"
"4518",1,1,"b"
"4519",1,0,"a"
"4520",0,0,"c"
"4521",0,1,"a"
"4522",1,0,"c"
"4523",1,0,"c"
"4524",1,1,"c"
"4525",0,1,"a"
"4526",1,1,"b"
"4527",1,1,"c"
"4528",1,1,"c"
"4529",1,0,"b"
"4530",1,0,"c"
"4531",1,0,"c"
"4532",0,0,"b"
"4533",1,0,"a"
"4534",0,0,"b"
"4535",1,1,"c"
"4536",1,1,"a"
"4537",0,0,"a"
"4538",1,1,"b"
"4539",1,0,"b"
"4540",1,0,"a"
"4541",1,1,"c"
"4542",1,0,"a"
"4543",1,0,"a"
"4544",1,1,"b"
"4545",1,1,"c"
"4546",1,1,"a"
"4547",1,0,"c"
"4548",1,0,"b"
"4549",1,1,"b"
"4550",1,1,"b"
"4551",1,0,"a"
"4552",1,1,"a"
"4553",1,1,"c"
"4554",1,1,"a"
"4555",1,1,"a"
"4556",1,0,"c"
"4557",1,1,"a"
"4558",0,0,"b"
"4559",1,1,"b"
"4560",0,0,"a"
"4561",1,0,"b"
"4562",1,0,"b"
"4563",1,1,"c"
"4564",1,1,"b"
"4565",1,1,"b"
"4566",1,0,"a"
"4567",1,1,"b"
"4568",1,1,"b"
"4569",1,1,"c"
"4570",1,1,"c"
"4571",0,0,"b"
"4572",1,0,"a"
"4573",0,1,"c"
"4574",1,1,"b"
"4575",1,1,"c"
"4576",1,1,"a"
"4577",1,0,"a"
"4578",1,0,"c"
"4579",1,0,"c"
"4580",1,0,"b"
"4581",0,0,"c"
"4582",1,0,"b"
"4583",1,0,"c"
"4584",1,0,"b"
"4585",1,1,"b"
"4586",1,1,"b"
"4587",1,0,"a"
"4588",1,0,"a"
"4589",1,1,"a"
"4590",1,0,"c"
"4591",1,1,"c"
"4592",1,0,"a"
"4593",1,1,"a"
"4594",0,1,"a"
"4595",1,1,"c"
"4596",0,0,"a"
"4597",1,1,"a"
"4598",1,1,"b"
"4599",1,0,"a"
"4600",1,0,"b"
"4601",0,0,"c"
"4602",1,1,"b"
"4603",1,1,"b"
"4604",1,0,"a"
"4605",1,0,"a"
"4606",1,0,"a"
"4607",1,0,"c"
"4608",1,1,"a"
"4609",1,1,"b"
"4610",1,1,"c"
"4611",1,1,"c"
"4612",1,0,"c"
"4613",1,0,"a"
"4614",1,1,"c"
"4615",1,1,"b"
"4616",1,0,"b"
"4617",0,1,"a"
"4618",1,0,"b"
"4619",1,0,"c"
"4620",1,0,"c"
"4621",0,0,"c"
"4622",1,1,"b"
"4623",1,1,"c"
"4624",1,0,"c"
"4625",1,1,"b"
"4626",1,0,"b"
"4627",1,1,"c"
"4628",1,1,"c"
"4629",0,0,"c"
"4630",1,0,"c"
"4631",1,1,"b"
"4632",1,1,"c"
"4633",1,0,"c"
"4634",0,0,"b"
"4635",1,1,"b"
"4636",1,0,"b"
"4637",0,0,"b"
"4638",0,0,"a"
"4639",1,0,"b"
"4640",0,0,"c"
"4641",1,1,"a"
"4642",0,0,"c"
"4643",1,0,"c"
"4644",1,1,"b"
"4645",1,0,"c"
"4646",1,1,"b"
"4647",1,1,"a"
"4648",1,1,"c"
"4649",1,1,"b"
"4650",1,0,"c"
"4651",1,1,"b"
"4652",1,1,"b"
"4653",1,1,"c"
"4654",1,1,"b"
"4655",1,1,"a"
"4656",1,0,"b"
"4657",0,0,"a"
"4658",1,1,"b"
"4659",1,1,"c"
"4660",1,0,"c"
"4661",1,1,"c"
"4662",1,1,"a"
"4663",1,1,"a"
"4664",0,1,"a"
"4665",0,0,"a"
"4666",1,1,"b"
"4667",1,1,"c"
"4668",0,0,"c"
"4669",0,1,"a"
"4670",0,0,"a"
"4671",1,1,"c"
"4672",1,1,"b"
"4673",0,0,"c"
"4674",0,0,"a"
"4675",1,1,"b"
"4676",1,0,"a"
"4677",1,1,"a"
"4678",0,1,"a"
"4679",1,0,"a"
"4680",1,1,"a"
"4681",1,0,"b"
"4682",1,1,"c"
"4683",1,0,"b"
"4684",1,1,"c"
"4685",1,1,"c"
"4686",1,1,"a"
"4687",1,0,"c"
"4688",0,1,"a"
"4689",0,1,"a"
"4690",1,0,"b"
"4691",1,1,"c"
"4692",0,0,"b"
"4693",1,1,"b"
"4694",1,1,"a"
"4695",1,1,"c"
"4696",1,1,"c"
"4697",1,1,"c"
"4698",1,0,"c"
"4699",1,1,"a"
"4700",1,1,"b"
"4701",1,1,"b"
"4702",0,0,"a"
"4703",1,0,"b"
"4704",1,1,"c"
"4705",0,0,"b"
"4706",1,0,"c"
"4707",1,1,"c"
"4708",1,1,"b"
"4709",1,1,"b"
"4710",1,1,"c"
"4711",1,0,"a"
"4712",1,1,"a"
"4713",1,0,"a"
"4714",1,0,"c"
"4715",1,1,"c"
"4716",1,0,"a"
"4717",1,0,"a"
"4718",1,0,"b"
"4719",1,1,"c"
"4720",1,0,"c"
"4721",1,1,"a"
"4722",0,0,"a"
"4723",1,1,"b"
"4724",1,1,"b"
"4725",1,1,"b"
"4726",1,0,"c"
"4727",0,1,"a"
"4728",1,1,"c"
"4729",1,0,"a"
"4730",1,1,"a"
"4731",1,1,"b"
"4732",1,0,"b"
"4733",1,0,"a"
"4734",0,0,"c"
"4735",1,1,"b"
"4736",0,1,"c"
"4737",0,0,"a"
"4738",1,0,"a"
"4739",1,0,"a"
"4740",1,0,"c"
"4741",1,0,"c"
"4742",0,0,"b"
"4743",0,0,"a"
"4744",1,1,"a"
"4745",1,0,"a"
"4746",1,0,"b"
"4747",1,0,"a"
"4748",1,1,"a"
"4749",0,1,"b"
"4750",1,0,"c"
"4751",1,0,"a"
"4752",0,0,"b"
"4753",1,0,"a"
"4754",0,0,"a"
"4755",1,1,"c"
"4756",1,1,"c"
"4757",0,0,"b"
"4758",1,1,"c"
"4759",1,0,"c"
"4760",0,0,"a"
"4761",1,1,"c"
"4762",0,1,"a"
"4763",1,1,"b"
"4764",1,1,"b"
"4765",0,1,"a"
"4766",1,1,"a"
"4767",1,1,"a"
"4768",1,0,"c"
"4769",1,0,"a"
"4770",1,0,"b"
"4771",0,0,"c"
"4772",1,1,"c"
"4773",1,0,"b"
"4774",1,1,"c"
"4775",1,1,"a"
"4776",1,0,"a"
"4777",1,0,"a"
"4778",1,1,"c"
"4779",1,1,"a"
"4780",0,0,"a"
"4781",0,0,"a"
"4782",1,0,"b"
"4783",1,0,"a"
"4784",1,1,"c"
"4785",1,1,"a"
"4786",1,1,"b"
"4787",0,0,"a"
"4788",1,1,"c"
"4789",1,0,"b"
"4790",0,1,"c"
"4791",1,1,"c"
"4792",1,1,"c"
"4793",0,0,"c"
"4794",1,1,"c"
"4795",0,0,"c"
"4796",1,1,"c"
"4797",0,1,"a"
"4798",0,0,"c"
"4799",1,1,"a"
"4800",1,0,"a"
"4801",1,1,"b"
"4802",0,0,"c"
"4803",1,1,"a"
"4804",0,0,"b"
"4805",0,1,"b"
"4806",0,0,"c"
"4807",1,1,"b"
"4808",1,1,"a"
"4809",1,1,"c"
"4810",1,1,"b"
"4811",1,1,"c"
"4812",1,1,"c"
"4813",1,0,"c"
"4814",1,0,"c"
"4815",0,1,"b"
"4816",1,1,"b"
"4817",1,1,"a"
"4818",1,0,"c"
"4819",1,1,"b"
"4820",1,0,"b"
"4821",1,0,"b"
"4822",1,0,"b"
"4823",1,0,"b"
"4824",1,0,"c"
"4825",1,1,"c"
"4826",1,1,"a"
"4827",1,0,"c"
"4828",1,1,"c"
"4829",1,0,"a"
"4830",0,0,"a"
"4831",1,1,"c"
"4832",1,0,"c"
"4833",1,0,"c"
"4834",1,1,"b"
"4835",1,0,"c"
"4836",0,0,"a"
"4837",1,0,"b"
"4838",1,1,"c"
"4839",1,0,"b"
"4840",0,1,"a"
"4841",1,0,"c"
"4842",0,0,"b"
"4843",1,1,"b"
"4844",0,0,"b"
"4845",1,1,"a"
"4846",0,0,"a"
"4847",1,1,"c"
"4848",1,1,"b"
"4849",0,0,"a"
"4850",1,1,"a"
"4851",0,1,"a"
"4852",1,1,"b"
"4853",1,1,"a"
"4854",1,1,"c"
"4855",1,1,"b"
"4856",1,0,"c"
"4857",1,1,"a"
"4858",1,1,"c"
"4859",1,0,"c"
"4860",1,0,"b"
"4861",1,0,"b"
"4862",1,1,"b"
"4863",1,1,"c"
"4864",1,0,"a"
"4865",1,1,"c"
"4866",1,0,"c"
"4867",0,1,"a"
"4868",0,0,"b"
"4869",1,0,"c"
"4870",1,1,"b"
"4871",0,0,"b"
"4872",1,1,"a"
"4873",0,1,"a"
"4874",0,0,"c"
"4875",1,0,"c"
"4876",1,0,"b"
"4877",1,1,"c"
"4878",0,1,"b"
"4879",0,0,"b"
"4880",1,1,"c"
"4881",1,0,"c"
"4882",1,1,"c"
"4883",1,1,"b"
"4884",0,1,"a"
"4885",1,1,"b"
"4886",1,1,"c"
"4887",0,0,"b"
"4888",1,0,"c"
"4889",1,0,"b"
"4890",1,0,"b"
"4891",1,1,"a"
"4892",1,1,"a"
"4893",1,0,"b"
"4894",1,1,"a"
"4895",1,1,"c"
"4896",1,1,"a"
"4897",1,0,"a"
"4898",1,0,"a"
"4899",1,1,"a"
"4900",1,1,"c"
"4901",1,0,"c"
"4902",0,1,"a"
"4903",0,0,"a"
"4904",0,0,"b"
"4905",1,1,"a"
"4906",1,1,"b"
"4907",0,0,"a"
"4908",0,1,"a"
"4909",1,1,"b"
"4910",1,1,"c"
"4911",0,1,"a"
"4912",1,0,"c"
"4913",1,1,"c"
"4914",1,0,"a"
"4915",0,0,"a"
"4916",1,1,"c"
"4917",1,1,"b"
"4918",1,1,"c"
"4919",1,0,"b"
"4920",0,0,"a"
"4921",1,1,"b"
"4922",1,1,"c"
"4923",1,0,"b"
"4924",1,1,"c"
"4925",1,0,"b"
"4926",1,1,"a"
"4927",1,0,"b"
"4928",1,1,"b"
"4929",1,1,"b"
"4930",1,0,"c"
"4931",1,1,"b"
"4932",0,1,"c"
"4933",1,1,"c"
"4934",0,0,"c"
"4935",1,0,"b"
"4936",1,1,"c"
"4937",0,0,"a"
"4938",1,1,"b"
"4939",0,0,"c"
"4940",1,0,"a"
"4941",1,0,"a"
"4942",1,1,"b"
"4943",1,1,"a"
"4944",1,1,"c"
"4945",1,1,"b"
"4946",1,1,"b"
"4947",1,0,"c"
"4948",1,0,"c"
"4949",1,0,"a"
"4950",1,1,"c"
"4951",1,0,"c"
"4952",1,1,"c"
"4953",1,0,"c"
"4954",1,0,"c"
"4955",1,0,"b"
"4956",0,1,"a"
"4957",0,0,"b"
"4958",1,0,"c"
"4959",0,0,"b"
"4960",1,0,"c"
"4961",1,1,"c"
"4962",1,1,"c"
"4963",0,0,"b"
"4964",1,1,"c"
"4965",0,0,"c"
"4966",1,0,"b"
"4967",1,0,"a"
"4968",0,0,"a"
"4969",1,0,"c"
"4970",1,0,"c"
"4971",1,0,"a"
"4972",1,0,"b"
"4973",1,0,"b"
"4974",1,1,"b"
"4975",1,0,"b"
"4976",1,0,"c"
"4977",1,1,"c"
"4978",1,0,"c"
"4979",1,1,"c"
"4980",1,1,"b"
"4981",1,1,"b"
"4982",1,1,"b"
"4983",0,0,"b"
"4984",1,0,"a"
"4985",1,1,"a"
"4986",1,0,"b"
"4987",0,0,"a"
"4988",1,0,"c"
"4989",0,0,"c"
"4990",1,1,"a"
"4991",0,0,"b"
"4992",1,0,"b"
"4993",1,1,"b"
"4994",1,0,"b"
"4995",1,1,"a"
"4996",0,0,"b"
"4997",1,0,"c"
"4998",1,0,"c"
"4999",0,0,"a"
"5000",1,0,"c"
